t_sec,x_m,y_m,z_m,yaw_deg,dist_from_origin_m
0.000,0.0000,-0.0001,-0.0000,0.00,0.0001
0.033,0.0001,-0.0002,-0.0000,0.00,0.0003
0.066,0.0002,-0.0003,-0.0001,0.01,0.0003
0.100,-0.0000,0.0001,-0.0000,-0.00,0.0001
0.133,-0.0002,0.0003,0.0000,-0.01,0.0003
0.166,-0.0001,0.0000,-0.0000,-0.01,0.0001
0.200,0.0000,-0.0001,-0.0000,0.00,0.0001
0.233,0.0001,-0.0001,-0.0000,-0.00,0.0001
0.266,-0.0000,0.0000,-0.0000,-0.01,0.0000
0.300,-0.0000,0.0001,-0.0000,-0.01,0.0001
0.333,-0.0000,0.0001,-0.0000,-0.02,0.0001
0.366,0.0000,-0.0000,-0.0000,-0.01,0.0000
0.400,0.0001,-0.0001,-0.0000,-0.01,0.0001
0.433,0.0000,0.0000,0.0000,-0.01,0.0000
0.467,-0.0000,0.0001,0.0000,-0.01,0.0001
0.500,-0.0001,0.0000,0.0000,-0.01,0.0001
0.533,-0.0000,-0.0001,0.0000,-0.00,0.0001
0.566,-0.0000,-0.0001,-0.0000,0.00,0.0001
0.600,-0.0001,-0.0001,0.0000,-0.00,0.0001
0.633,-0.0001,0.0000,0.0000,-0.00,0.0001
0.666,-0.0000,0.0000,0.0000,0.01,0.0001
0.700,-0.0001,0.0001,0.0001,0.00,0.0002
0.733,-0.0001,0.0000,0.0001,0.00,0.0002
0.766,-0.0001,0.0001,0.0001,0.01,0.0002
0.800,-0.0002,0.0001,0.0001,0.01,0.0002
0.833,-0.0001,0.0001,0.0001,0.01,0.0001
0.867,-0.0001,0.0001,0.0001,0.01,0.0001
0.900,-0.0001,-0.0000,0.0001,0.01,0.0001
0.933,-0.0001,-0.0000,0.0001,0.01,0.0001
0.966,-0.0001,0.0000,0.0001,0.01,0.0001
1.000,-0.0000,0.0000,0.0001,0.01,0.0001
1.033,-0.0000,0.0000,0.0000,0.01,0.0000
1.066,0.0000,-0.0001,0.0000,0.01,0.0001
1.100,0.0000,-0.0001,0.0000,0.01,0.0001
1.133,0.0000,-0.0000,0.0000,0.01,0.0001
1.166,0.0000,-0.0000,0.0000,0.01,0.0000
1.200,0.0001,-0.0000,0.0000,0.01,0.0001
1.233,0.0001,-0.0000,0.0000,0.01,0.0001
1.266,0.0001,-0.0001,-0.0000,0.01,0.0001
1.300,0.0001,-0.0002,-0.0000,0.01,0.0002
1.333,0.0001,-0.0001,-0.0000,0.01,0.0001
1.366,0.0001,-0.0001,-0.0000,0.01,0.0001
1.400,0.0001,-0.0001,-0.0000,0.01,0.0002
1.433,0.0001,-0.0001,-0.0000,0.01,0.0001
1.467,0.0001,-0.0001,-0.0000,0.01,0.0002
1.500,0.0001,-0.0000,-0.0000,0.01,0.0001
1.533,0.0001,-0.0000,-0.0000,0.01,0.0001
1.567,0.0001,-0.0001,0.0000,0.01,0.0001
1.600,0.0001,-0.0001,0.0000,0.00,0.0001
1.633,0.0001,-0.0001,-0.0000,0.01,0.0001
1.667,0.0001,-0.0001,-0.0000,0.01,0.0002
1.700,0.0001,-0.0001,-0.0000,0.01,0.0002
1.733,0.0001,-0.0001,-0.0000,0.01,0.0002
1.767,0.0001,-0.0001,-0.0000,0.01,0.0001
1.800,0.0001,-0.0001,-0.0000,0.01,0.0001
1.833,0.0001,-0.0001,-0.0000,0.01,0.0002
1.867,0.0001,-0.0001,-0.0000,0.01,0.0002
1.900,0.0001,-0.0001,0.0000,0.01,0.0001
1.933,0.0001,-0.0001,-0.0000,0.01,0.0002
1.967,0.0001,-0.0001,0.0000,0.01,0.0002
2.000,0.0001,-0.0001,0.0000,0.01,0.0002
2.033,0.0001,-0.0001,0.0000,0.01,0.0002
2.066,0.0001,-0.0001,0.0000,0.01,0.0002
2.100,0.0001,-0.0001,-0.0000,0.01,0.0002
2.133,0.0001,-0.0001,-0.0000,0.01,0.0002
2.167,0.0002,-0.0002,-0.0000,0.02,0.0003
2.200,0.0002,-0.0002,-0.0001,0.02,0.0003
2.233,0.0002,-0.0003,-0.0001,0.02,0.0003
2.267,0.0002,-0.0002,-0.0001,0.02,0.0003
2.300,0.0002,-0.0002,-0.0001,0.02,0.0002
2.333,0.0001,-0.0002,-0.0000,0.01,0.0002
2.367,0.0002,-0.0002,-0.0000,0.01,0.0002
2.400,0.0001,-0.0002,-0.0000,0.01,0.0002
2.433,0.0001,-0.0002,-0.0000,0.01,0.0002
2.466,0.0001,-0.0002,-0.0000,0.01,0.0002
2.500,0.0001,-0.0002,-0.0000,0.01,0.0002
2.533,0.0001,-0.0002,-0.0000,0.02,0.0002
2.567,0.0001,-0.0002,-0.0000,0.02,0.0002
2.600,0.0001,-0.0001,0.0000,0.02,0.0002
2.633,0.0001,-0.0002,-0.0000,0.02,0.0002
2.667,0.0001,-0.0002,0.0000,0.02,0.0002
2.700,0.0001,-0.0002,0.0000,0.02,0.0002
2.734,0.0001,-0.0002,0.0000,0.02,0.0002
2.767,0.0001,-0.0002,0.0000,0.02,0.0002
2.800,0.0001,-0.0002,0.0000,0.02,0.0002
2.833,0.0001,-0.0002,0.0000,0.02,0.0002
2.867,0.0001,-0.0002,0.0000,0.02,0.0002
2.900,0.0001,-0.0002,-0.0000,0.02,0.0002
2.933,0.0001,-0.0002,-0.0000,0.02,0.0002
2.967,0.0001,-0.0002,0.0000,0.02,0.0002
3.000,0.0001,-0.0002,-0.0000,0.02,0.0002
3.033,0.0001,-0.0002,-0.0000,0.02,0.0002
3.067,0.0001,-0.0002,0.0000,0.02,0.0002
3.100,0.0001,-0.0001,0.0000,0.01,0.0002
3.133,0.0001,-0.0001,0.0000,0.01,0.0002
3.167,0.0001,-0.0001,-0.0000,0.01,0.0002
3.200,0.0001,-0.0001,-0.0000,0.01,0.0002
3.233,0.0002,-0.0001,-0.0000,0.01,0.0002
3.267,0.0002,-0.0001,-0.0000,0.01,0.0002
3.300,0.0002,-0.0001,-0.0000,0.01,0.0002
3.333,0.0002,-0.0001,-0.0000,0.01,0.0002
3.367,0.0002,-0.0001,-0.0000,0.01,0.0002
3.400,0.0002,-0.0001,-0.0000,0.02,0.0002
3.433,0.0002,-0.0001,-0.0000,0.02,0.0002
3.467,0.0002,-0.0001,-0.0000,0.02,0.0002
3.500,0.0001,-0.0001,-0.0000,0.01,0.0002
3.533,0.0001,-0.0001,-0.0000,0.01,0.0002
3.567,0.0002,-0.0001,-0.0000,0.01,0.0002
3.600,0.0001,-0.0001,-0.0000,0.01,0.0002
3.633,0.0001,-0.0001,-0.0001,0.01,0.0002
3.667,0.0001,-0.0001,-0.0001,0.01,0.0002
3.700,0.0001,-0.0001,-0.0001,0.00,0.0002
3.733,0.0002,-0.0001,-0.0001,0.01,0.0002
3.767,0.0002,-0.0001,-0.0000,0.01,0.0002
3.800,0.0002,-0.0001,-0.0000,0.00,0.0002
3.833,0.0002,-0.0001,-0.0000,0.00,0.0002
3.867,0.0002,-0.0001,-0.0000,-0.00,0.0002
3.900,0.0001,-0.0001,0.0000,-0.00,0.0001
3.933,0.0001,-0.0001,0.0000,-0.01,0.0001
3.967,0.0001,-0.0000,0.0000,-0.01,0.0001
4.000,0.0001,-0.0000,0.0000,-0.01,0.0001
4.033,0.0001,-0.0000,0.0000,-0.01,0.0001
4.067,0.0001,-0.0000,0.0000,-0.01,0.0001
4.100,0.0001,-0.0001,0.0000,-0.01,0.0001
4.133,0.0001,-0.0000,0.0000,-0.01,0.0001
4.167,0.0001,-0.0001,0.0000,-0.01,0.0001
4.200,0.0001,-0.0001,0.0000,-0.01,0.0002
4.233,0.0002,-0.0001,-0.0000,-0.01,0.0002
4.301,0.0002,-0.0001,0.0000,-0.01,0.0002
4.333,0.0002,-0.0001,0.0000,-0.01,0.0002
4.367,0.0002,-0.0001,0.0000,-0.01,0.0002
4.400,0.0002,-0.0001,0.0000,-0.01,0.0002
4.434,0.0002,-0.0001,0.0000,-0.01,0.0002
4.467,0.0001,-0.0001,0.0000,-0.01,0.0002
4.500,0.0001,-0.0001,0.0000,-0.01,0.0002
4.533,0.0001,-0.0001,0.0001,-0.01,0.0002
4.567,0.0001,-0.0001,0.0001,-0.01,0.0001
4.600,0.0001,-0.0001,0.0001,-0.01,0.0002
4.633,0.0000,-0.0002,0.0001,0.00,0.0002
4.667,-0.0000,-0.0001,0.0001,0.00,0.0002
4.700,0.0001,-0.0001,0.0001,0.02,0.0002
4.733,0.0001,-0.0002,0.0001,0.02,0.0002
4.767,0.0001,-0.0002,0.0001,0.02,0.0003
4.800,0.0001,-0.0002,0.0001,0.02,0.0003
4.834,0.0001,-0.0002,0.0001,0.02,0.0003
4.867,0.0001,-0.0002,0.0001,0.02,0.0003
4.900,0.0002,-0.0003,0.0001,0.02,0.0003
4.934,0.0002,-0.0003,0.0001,0.02,0.0004
4.967,0.0002,-0.0002,0.0001,0.02,0.0003
5.000,0.0002,-0.0002,0.0000,0.02,0.0003
5.034,0.0003,-0.0003,0.0000,0.03,0.0004
5.067,0.0003,-0.0004,0.0001,0.04,0.0005
5.100,0.0003,-0.0004,0.0001,0.04,0.0005
5.133,0.0002,-0.0003,0.0001,0.04,0.0004
5.167,0.0002,-0.0003,0.0001,0.04,0.0004
5.200,0.0002,-0.0003,0.0001,0.04,0.0004
5.234,0.0002,-0.0003,0.0001,0.04,0.0004
5.267,0.0002,-0.0003,0.0001,0.04,0.0004
5.300,0.0002,-0.0003,0.0001,0.04,0.0004
5.334,0.0002,-0.0002,0.0001,0.03,0.0003
5.367,0.0002,-0.0002,0.0001,0.03,0.0003
5.400,0.0002,-0.0002,0.0001,0.03,0.0003
5.434,0.0002,-0.0002,0.0001,0.03,0.0003
5.467,0.0001,-0.0002,0.0001,0.03,0.0003
5.500,0.0001,-0.0002,0.0001,0.02,0.0003
5.534,0.0001,-0.0001,0.0001,0.02,0.0002
5.567,0.0001,-0.0002,0.0001,0.02,0.0002
5.600,0.0002,-0.0002,0.0001,0.02,0.0003
5.634,0.0003,-0.0002,0.0001,0.02,0.0003
5.667,0.0002,-0.0002,0.0001,0.01,0.0003
5.700,0.0002,-0.0001,0.0002,0.01,0.0003
5.734,0.0001,-0.0000,0.0002,0.01,0.0002
5.767,0.0000,-0.0000,0.0002,0.01,0.0002
5.800,0.0000,-0.0000,0.0002,0.02,0.0002
5.834,0.0000,-0.0000,0.0003,0.02,0.0003
5.867,0.0000,-0.0000,0.0003,0.02,0.0003
5.900,0.0000,0.0000,0.0003,0.02,0.0003
5.934,-0.0000,0.0001,0.0003,0.02,0.0003
5.967,-0.0000,0.0001,0.0003,0.02,0.0003
6.000,-0.0000,0.0001,0.0003,0.02,0.0003
6.034,-0.0000,0.0001,0.0003,0.02,0.0003
6.067,-0.0004,0.0005,0.0006,-0.01,0.0009
6.100,-0.0005,0.0007,0.0007,-0.02,0.0011
6.134,-0.0006,0.0007,0.0008,-0.02,0.0012
6.167,-0.0006,0.0007,0.0008,-0.01,0.0012
6.200,-0.0005,0.0006,0.0008,0.01,0.0011
6.234,-0.0005,0.0005,0.0008,0.02,0.0011
6.267,-0.0005,0.0005,0.0008,0.03,0.0010
6.300,-0.0005,0.0005,0.0007,0.03,0.0010
6.334,-0.0005,0.0004,0.0007,0.05,0.0009
6.367,-0.0005,0.0003,0.0007,0.06,0.0009
6.400,-0.0004,0.0002,0.0006,0.07,0.0008
6.434,-0.0004,0.0002,0.0006,0.07,0.0007
6.467,-0.0003,0.0002,0.0006,0.07,0.0007
6.500,-0.0002,-0.0001,0.0006,0.09,0.0006
6.534,-0.0002,-0.0003,0.0005,0.10,0.0006
6.567,-0.0001,-0.0003,0.0005,0.11,0.0006
6.600,-0.0001,-0.0003,0.0005,0.11,0.0006
6.634,-0.0001,-0.0003,0.0005,0.11,0.0006
6.667,-0.0001,-0.0003,0.0005,0.11,0.0006
6.700,-0.0002,-0.0003,0.0005,0.11,0.0006
6.734,-0.0002,-0.0003,0.0005,0.11,0.0006
6.767,-0.0002,-0.0003,0.0005,0.11,0.0006
6.800,-0.0002,-0.0003,0.0005,0.11,0.0006
6.867,0.0000,-0.0002,0.0006,0.08,0.0006
6.900,0.0001,-0.0002,0.0006,0.07,0.0006
6.967,0.0001,-0.0002,0.0006,0.06,0.0007
7.000,0.0002,-0.0002,0.0007,0.07,0.0008
7.033,0.0003,-0.0003,0.0007,0.07,0.0008
7.067,0.0004,-0.0007,0.0007,0.03,0.0011
7.100,0.0009,-0.0017,0.0007,-0.15,0.0020
7.133,0.0013,-0.0018,0.0007,-0.38,0.0023
7.200,0.0015,-0.0010,0.0008,-0.54,0.0020
7.233,0.0015,-0.0009,0.0008,-0.56,0.0019
7.267,0.0014,-0.0008,0.0008,-0.56,0.0018
7.300,0.0013,-0.0008,0.0008,-0.55,0.0017
7.333,0.0013,-0.0008,0.0009,-0.54,0.0017
7.367,0.0013,-0.0009,0.0009,-0.53,0.0018
7.401,0.0013,-0.0009,0.0009,-0.52,0.0018
7.433,0.0013,-0.0010,0.0006,-0.50,0.0017
7.467,0.0013,-0.0011,0.0004,-0.48,0.0017
7.500,0.0013,-0.0012,0.0002,-0.47,0.0018
7.533,0.0014,-0.0013,0.0002,-0.47,0.0019
7.567,0.0014,-0.0013,0.0002,-0.46,0.0019
7.600,0.0014,-0.0012,0.0004,-0.48,0.0019
7.633,0.0013,-0.0011,0.0005,-0.48,0.0018
7.667,0.0013,-0.0010,0.0006,-0.49,0.0017
7.700,0.0012,-0.0009,0.0006,-0.50,0.0017
7.734,0.0012,-0.0009,0.0007,-0.50,0.0017
7.767,0.0012,-0.0008,0.0008,-0.53,0.0017
7.800,0.0012,-0.0008,0.0008,-0.53,0.0016
7.833,0.0012,-0.0008,0.0008,-0.52,0.0016
7.867,0.0012,-0.0008,0.0008,-0.52,0.0016
7.900,0.0012,-0.0009,0.0007,-0.52,0.0017
7.933,0.0012,-0.0009,0.0007,-0.52,0.0017
7.967,0.0012,-0.0009,0.0007,-0.52,0.0017
8.000,0.0012,-0.0010,0.0006,-0.54,0.0017
8.033,0.0015,-0.0014,0.0006,-0.60,0.0021
8.067,0.0017,-0.0018,0.0007,-0.75,0.0026
8.100,0.0019,-0.0017,0.0007,-0.93,0.0026
8.133,0.0019,-0.0013,0.0008,-1.04,0.0024
8.167,0.0019,-0.0003,0.0009,-1.06,0.0021
8.200,0.0041,0.0022,0.0008,-0.85,0.0047
8.233,0.0052,0.0076,-0.0002,0.23,0.0092
8.267,0.0071,0.0047,-0.0012,3.50,0.0086
8.300,0.0057,0.0129,-0.0003,4.22,0.0141
8.334,0.0045,0.0011,-0.0057,6.74,0.0073
8.367,0.0049,0.0015,-0.0067,6.72,0.0084
8.400,0.0045,0.0019,-0.0085,6.01,0.0098
8.434,0.0038,0.0024,-0.0107,4.85,0.0116
8.467,0.0034,0.0031,-0.0128,3.76,0.0136
8.500,0.0027,0.0038,-0.0150,2.77,0.0157
8.534,0.0021,0.0044,-0.0168,0.97,0.0175
8.567,0.0026,0.0049,-0.0176,-1.14,0.0184
8.600,0.0039,0.0058,-0.0186,-3.53,0.0199
8.634,0.0052,0.0071,-0.0201,-5.80,0.0220
8.667,0.0065,0.0075,-0.0199,-7.18,0.0222
8.700,0.0072,0.0068,-0.0182,-8.15,0.0207
8.767,0.0026,0.0039,-0.0155,-14.54,0.0162
8.800,-0.0026,0.0024,-0.0148,-18.61,0.0152
8.834,-0.0102,0.0020,-0.0162,-22.38,0.0192
8.867,-0.0166,0.0015,-0.0150,-28.74,0.0224
8.900,-0.0220,0.0014,-0.0135,-35.65,0.0259
8.934,-0.0260,0.0021,-0.0134,-41.75,0.0294
8.967,-0.0280,0.0028,-0.0140,-46.92,0.0314
9.000,-0.0279,0.0028,-0.0141,-50.28,0.0314
9.034,-0.0386,0.0121,0.0075,-50.43,0.0412
9.067,-0.0442,0.0124,0.0083,-50.26,0.0467
9.100,-0.0466,0.0124,0.0104,-51.01,0.0493
9.134,-0.0494,0.0130,0.0115,-53.34,0.0524
9.167,-0.0523,0.0139,0.0120,-55.75,0.0554
9.200,-0.0554,0.0150,0.0129,-58.84,0.0588
9.234,-0.0587,0.0165,0.0132,-63.66,0.0624
9.267,-0.0620,0.0186,0.0127,-68.13,0.0660
9.300,-0.0652,0.0209,0.0123,-71.30,0.0696
9.334,-0.0681,0.0232,0.0123,-76.82,0.0730
9.367,-0.0703,0.0252,0.0119,-82.38,0.0756
9.400,-0.0719,0.0268,0.0116,-87.89,0.0776
9.434,-0.0732,0.0286,0.0106,-94.02,0.0793
9.467,-0.0745,0.0306,0.0091,-100.46,0.0810
9.500,-0.0758,0.0329,0.0077,-106.73,0.0830
9.534,-0.0768,0.0353,0.0060,-112.50,0.0847
9.567,-0.0774,0.0375,0.0039,-117.46,0.0861
9.600,-0.0779,0.0396,0.0023,-121.47,0.0874
9.634,-0.0786,0.0416,0.0013,-124.91,0.0889
9.667,-0.0791,0.0432,0.0007,-127.18,0.0901
9.700,-0.0799,0.0446,0.0007,-129.00,0.0915
9.734,-0.0808,0.0465,0.0006,-131.70,0.0932
9.767,-0.0816,0.0489,0.0002,-134.88,0.0951
9.800,-0.0823,0.0513,-0.0002,-137.79,0.0969
9.834,-0.1013,0.0595,-0.0011,-140.24,0.1175
9.867,-0.1017,0.0620,-0.0016,-143.21,0.1191
9.900,-0.1019,0.0648,-0.0023,-145.76,0.1208
9.934,-0.1019,0.0675,-0.0033,-148.57,0.1222
9.967,-0.1016,0.0699,-0.0044,-151.91,0.1234
10.000,-0.1010,0.0719,-0.0056,-154.90,0.1241
10.034,-0.1004,0.0733,-0.0068,-157.40,0.1245
10.067,-0.0999,0.0747,-0.0076,-160.24,0.1249
10.100,-0.0995,0.0760,-0.0083,-163.25,0.1255
10.134,-0.0989,0.0773,-0.0091,-166.56,0.1258
10.167,-0.0980,0.0781,-0.0102,-169.39,0.1258
10.200,-0.0971,0.0786,-0.0114,-171.92,0.1254
10.234,-0.0961,0.0790,-0.0126,-174.23,0.1250
10.267,-0.0953,0.0793,-0.0135,-176.81,0.1247
10.300,-0.1072,0.0896,-0.0117,-178.81,0.1402
10.334,-0.1072,0.0963,-0.0098,179.30,0.1445
10.367,-0.1065,0.0904,-0.0125,176.69,0.1402
10.400,0.0086,0.1060,-0.0857,171.96,0.1366
10.434,0.0082,0.1138,-0.0842,170.19,0.1418
10.467,0.0092,0.1068,-0.0862,169.00,0.1375
10.500,0.0094,0.1074,-0.0865,167.81,0.1382
10.534,0.0095,0.1082,-0.0864,166.74,0.1388
10.567,0.0092,0.1087,-0.0860,166.41,0.1389
10.600,0.0093,0.1087,-0.0861,166.48,0.1390
10.634,0.0097,0.1086,-0.0866,166.57,0.1393
10.667,0.0098,0.1088,-0.0866,166.77,0.1394
10.700,0.0097,0.1087,-0.0866,167.20,0.1393
10.734,0.0098,0.1085,-0.0867,167.88,0.1393
10.767,0.0100,0.1086,-0.0869,168.93,0.1394
10.800,0.0105,0.1085,-0.0875,170.68,0.1397
10.834,0.0118,0.1080,-0.0888,173.79,0.1403
10.867,0.0137,0.1075,-0.0907,-179.80,0.1413
10.900,0.0156,0.1073,-0.0923,-173.58,0.1424
10.934,0.0174,0.1074,-0.0937,-167.92,0.1436
10.967,0.0187,0.1082,-0.0946,-162.57,0.1450
11.000,0.0187,0.1100,-0.0944,-158.73,0.1461
11.034,0.0177,0.1128,-0.0931,-155.83,0.1473
11.067,0.0166,0.1163,-0.0913,-153.91,0.1488
11.100,0.0159,0.1201,-0.0894,-152.89,0.1505
11.134,0.0154,0.1242,-0.0870,-152.77,0.1524
11.167,0.0150,0.1288,-0.0838,-153.29,0.1544
11.200,0.0149,0.1331,-0.0805,-154.50,0.1562
11.234,0.0148,0.1374,-0.0761,-156.29,0.1578
11.267,0.0151,0.1423,-0.0702,-157.98,0.1594
11.301,0.0160,0.1468,-0.0633,-158.92,0.1607
11.334,0.0171,0.1499,-0.0570,-158.60,0.1613
11.367,0.0178,0.1517,-0.0507,-156.67,0.1609
11.401,0.0185,0.1526,-0.0441,-154.29,0.1599
11.434,0.0188,0.1524,-0.0374,-151.12,0.1580
11.467,0.0191,0.1510,-0.0297,-147.30,0.1551
11.501,0.0203,0.1490,-0.0222,-144.59,0.1520
11.567,0.0259,0.1448,-0.0091,-144.05,0.1473
11.601,0.0290,0.1415,-0.0032,-144.68,0.1444
11.634,0.0315,0.1376,0.0016,-145.63,0.1412
11.667,0.0341,0.1337,0.0056,-146.63,0.1381
11.701,0.0364,0.1290,0.0091,-147.57,0.1344
11.734,0.0385,0.1233,0.0124,-147.01,0.1298
11.767,0.0409,0.1178,0.0148,-145.59,0.1255
11.801,0.0435,0.1125,0.0165,-143.56,0.1217
11.834,0.0459,0.1069,0.0177,-141.10,0.1177
11.867,0.0473,0.1016,0.0181,-137.90,0.1135
11.901,0.0480,0.0972,0.0180,-133.47,0.1099
11.934,0.0487,0.0941,0.0178,-129.88,0.1074
11.967,0.0496,0.0908,0.0174,-127.21,0.1049
12.001,0.0572,0.0772,0.0112,-126.11,0.0968
12.034,0.0586,0.0701,0.0099,-124.80,0.0919
12.067,0.0622,0.0717,0.0107,-123.39,0.0955
12.101,0.0657,0.0614,0.0174,-121.92,0.0916
12.134,0.0677,0.0458,0.0076,-118.55,0.0821
12.167,0.0697,0.0426,0.0064,-116.36,0.0819
12.201,0.0718,0.0398,0.0051,-113.95,0.0822
12.234,0.0743,0.0373,0.0037,-111.64,0.0832
12.267,0.0779,0.0344,0.0016,-108.97,0.0851
12.301,0.0822,0.0310,-0.0016,-105.87,0.0878
12.334,0.0866,0.0278,-0.0054,-103.67,0.0912
12.367,0.0912,0.0257,-0.0094,-102.22,0.0953
12.401,0.0961,0.0246,-0.0136,-100.61,0.1001
12.434,0.0934,0.0145,-0.0867,-95.05,0.1283
12.467,0.0986,0.0144,-0.0926,-94.01,0.1360
12.501,0.1032,0.0148,-0.0991,-93.08,0.1438
12.534,0.1072,0.0159,-0.1060,-92.28,0.1516
12.567,0.1105,0.0180,-0.1128,-90.92,0.1590
12.601,0.1132,0.0209,-0.1192,-87.46,0.1657
12.634,0.1149,0.0238,-0.1237,-74.30,0.1705
12.667,0.1159,0.0261,-0.1260,2.14,0.1732
12.701,0.1163,0.0270,-0.1269,47.58,0.1742
12.734,0.1160,0.0264,-0.1273,54.65,0.1743
12.767,0.1150,0.0244,-0.1278,55.08,0.1736
12.801,0.1132,0.0211,-0.1284,52.40,0.1725
12.834,0.1102,0.0165,-0.1296,47.29,0.1709
12.867,0.1064,0.0118,-0.1306,40.80,0.1689
12.901,0.1020,0.0071,-0.1309,33.56,0.1661
12.934,0.0963,0.0023,-0.1307,25.42,0.1624
12.967,0.0882,-0.0029,-0.1310,15.31,0.1579
13.001,0.0776,-0.0072,-0.1316,3.49,0.1530
13.034,0.0658,-0.0095,-0.1332,-9.23,0.1488
13.067,0.1047,-0.0586,-0.1620,-24.87,0.2016
13.101,0.0920,-0.0540,-0.1684,-41.01,0.1994
13.134,0.0816,-0.0452,-0.1772,-57.48,0.2002
13.167,0.0747,-0.0340,-0.1847,-69.59,0.2022
13.201,0.0679,-0.0220,-0.1873,-81.51,0.2005
13.234,0.0612,-0.0125,-0.1841,-92.43,0.1944
13.267,0.0556,-0.0074,-0.1770,-97.98,0.1857
13.301,0.0522,-0.0042,-0.1704,-99.53,0.1783
13.334,0.0507,-0.0021,-0.1667,-100.86,0.1743
13.367,0.0505,0.0002,-0.1665,-102.61,0.1740
13.401,0.0506,-0.0033,-0.1711,-104.11,0.1784
13.434,0.0528,-0.0014,-0.1758,-105.07,0.1836
13.501,0.0568,0.0012,-0.1829,-106.00,0.1915
13.534,0.0571,0.0028,-0.1833,-107.84,0.1920
13.567,0.0575,0.0051,-0.1834,-110.36,0.1923
13.601,0.0587,0.0077,-0.1844,-113.35,0.1936
13.634,0.0611,0.0114,-0.1864,-117.78,0.1965
13.667,0.0629,0.0162,-0.1867,-124.37,0.1977
13.701,0.0648,0.0218,-0.1857,-130.53,0.1979
13.734,0.0677,0.0271,-0.1851,-136.12,0.1989
13.767,0.0701,0.0300,-0.1853,-139.80,0.2004
13.801,0.0706,0.0306,-0.1853,-140.18,0.2006
13.834,0.0704,0.0312,-0.1845,-139.48,0.2000
13.867,0.0703,0.0321,-0.1834,-139.10,0.1990
13.901,0.0694,0.0328,-0.1817,-138.02,0.1973
13.934,0.0684,0.0334,-0.1797,-136.31,0.1951
13.967,0.0670,0.0339,-0.1770,-134.25,0.1923
14.001,0.0655,0.0338,-0.1747,-131.38,0.1896
14.034,0.0639,0.0326,-0.1736,-129.22,0.1879
14.067,0.0628,0.0314,-0.1732,-128.92,0.1869
14.101,0.0618,0.0303,-0.1729,-129.06,0.1861
14.134,0.0611,0.0294,-0.1726,-129.19,0.1854
14.167,0.0599,0.0280,-0.1720,-128.89,0.1843
14.201,0.0586,0.0261,-0.1715,-127.74,0.1832
14.234,0.0579,0.0249,-0.1715,-126.28,0.1827
14.267,0.0570,0.0232,-0.1715,-124.39,0.1822
14.301,0.0566,0.0223,-0.1715,-123.43,0.1820
14.334,0.0564,0.0219,-0.1715,-123.01,0.1818
14.367,0.0558,0.0205,-0.1715,-122.63,0.1815
14.401,0.0555,0.0199,-0.1715,-122.74,0.1813
14.434,0.0556,0.0202,-0.1715,-122.79,0.1814
14.467,0.0556,0.0201,-0.1715,-122.85,0.1814
14.501,0.0528,0.0190,-0.1720,-122.80,0.1810
14.534,0.0529,0.0180,-0.1687,-122.85,0.1777
14.567,0.0519,0.0171,-0.1702,-122.92,0.1788
14.601,0.0520,0.0165,-0.1696,-122.92,0.1782
14.634,0.0517,0.0158,-0.1713,-122.91,0.1796
14.667,0.0515,0.0157,-0.1720,-122.89,0.1802
14.701,0.0519,0.0158,-0.1716,-122.92,0.1800
14.734,0.0517,0.0165,-0.1720,-122.90,0.1804
14.767,0.0514,0.0169,-0.1725,-122.88,0.1808
14.801,0.0509,0.0167,-0.1731,-122.85,0.1812
14.834,0.0507,0.0163,-0.1741,-122.82,0.1820
14.867,0.0509,0.0160,-0.1736,-122.82,0.1816
14.901,0.0510,0.0159,-0.1734,-122.83,0.1814
14.934,0.0511,0.0158,-0.1733,-122.84,0.1813
14.967,0.0511,0.0158,-0.1732,-122.85,0.1813
15.001,0.0512,0.0158,-0.1732,-122.85,0.1813
15.034,0.0510,0.0156,-0.1736,-122.84,0.1816
15.068,0.0510,0.0154,-0.1741,-122.82,0.1820
15.101,0.0510,0.0154,-0.1744,-122.81,0.1823
15.134,0.0509,0.0155,-0.1744,-122.81,0.1823
15.168,0.0509,0.0156,-0.1744,-122.81,0.1823
15.201,0.0509,0.0156,-0.1743,-122.81,0.1823
15.234,0.0507,0.0162,-0.1750,-122.80,0.1830
15.268,0.0508,0.0163,-0.1765,-122.79,0.1844
15.301,0.0509,0.0165,-0.1770,-122.78,0.1849
15.334,0.0509,0.0167,-0.1770,-122.77,0.1849
15.368,0.0512,0.0168,-0.1769,-122.80,0.1849
15.401,0.0511,0.0170,-0.1771,-122.79,0.1851
15.434,0.0507,0.0171,-0.1775,-122.78,0.1854
15.468,0.0505,0.0172,-0.1777,-122.77,0.1855
15.501,0.0509,0.0167,-0.1776,-122.78,0.1855
15.534,0.0510,0.0162,-0.1774,-122.81,0.1853
15.568,0.0510,0.0162,-0.1771,-122.78,0.1850
15.601,0.0507,0.0160,-0.1775,-122.76,0.1853
15.634,0.0503,0.0158,-0.1777,-122.76,0.1853
15.668,0.0498,0.0160,-0.1776,-122.74,0.1852
15.701,0.0492,0.0163,-0.1776,-122.71,0.1850
15.734,0.0491,0.0165,-0.1777,-122.71,0.1851
15.768,0.0492,0.0166,-0.1777,-122.71,0.1852
15.801,0.0492,0.0166,-0.1778,-122.71,0.1853
15.835,0.0497,0.0167,-0.1778,-122.73,0.1854
15.867,0.0499,0.0166,-0.1787,-122.76,0.1863
15.901,0.0500,0.0166,-0.1802,-122.76,0.1878
15.934,0.0502,0.0168,-0.1802,-122.77,0.1878
15.968,0.0520,0.0181,-0.1793,-122.76,0.1876
16.001,0.0525,0.0185,-0.1794,-122.78,0.1878
16.034,0.0526,0.0185,-0.1795,-122.80,0.1879
16.068,0.0535,0.0217,-0.1741,-122.63,0.1834
16.101,0.0519,0.0227,-0.1734,-122.49,0.1825
16.134,0.0512,0.0228,-0.1738,-122.44,0.1826
16.168,0.0510,0.0227,-0.1741,-122.42,0.1828
16.201,0.0511,0.0227,-0.1740,-122.43,0.1828
16.234,0.0514,0.0227,-0.1738,-122.44,0.1826
16.267,0.0515,0.0228,-0.1738,-122.44,0.1827
16.301,0.0515,0.0228,-0.1738,-122.43,0.1827
16.334,0.0515,0.0227,-0.1738,-122.42,0.1827
16.368,0.0522,0.0223,-0.1731,-122.46,0.1821
16.401,0.0524,0.0221,-0.1730,-122.47,0.1821
16.434,0.0524,0.0221,-0.1730,-122.48,0.1822
16.468,0.0524,0.0221,-0.1730,-122.48,0.1822
16.501,0.0524,0.0222,-0.1730,-122.47,0.1821
16.534,0.0523,0.0222,-0.1730,-122.47,0.1821
16.568,0.0523,0.0222,-0.1730,-122.46,0.1821
16.601,0.0523,0.0222,-0.1730,-122.46,0.1821
16.634,0.0523,0.0222,-0.1730,-122.46,0.1821
16.667,0.0525,0.0223,-0.1732,-122.45,0.1823
16.701,0.0526,0.0223,-0.1731,-122.45,0.1823
16.734,0.0525,0.0223,-0.1731,-122.44,0.1823
16.767,0.0525,0.0223,-0.1731,-122.44,0.1823
16.801,0.0525,0.0225,-0.1731,-122.44,0.1823
16.834,0.0525,0.0225,-0.1731,-122.45,0.1823
16.867,0.0525,0.0225,-0.1731,-122.45,0.1823
16.901,0.0525,0.0225,-0.1731,-122.45,0.1823
16.934,0.0526,0.0225,-0.1731,-122.45,0.1823
16.967,0.0526,0.0225,-0.1731,-122.45,0.1823
17.001,0.0526,0.0225,-0.1731,-122.45,0.1823
17.034,0.0526,0.0225,-0.1731,-122.45,0.1823
17.067,0.0526,0.0225,-0.1731,-122.45,0.1823
17.101,0.0526,0.0225,-0.1731,-122.45,0.1823
17.134,0.0526,0.0225,-0.1731,-122.45,0.1823
17.167,0.0526,0.0225,-0.1729,-122.45,0.1821
17.201,0.0526,0.0225,-0.1729,-122.45,0.1821
17.234,0.0526,0.0225,-0.1729,-122.45,0.1821
17.267,0.0526,0.0225,-0.1729,-122.45,0.1821
17.301,0.0526,0.0225,-0.1729,-122.46,0.1821
17.334,0.0526,0.0225,-0.1729,-122.46,0.1821
17.367,0.0526,0.0225,-0.1729,-122.46,0.1821
17.401,0.0526,0.0225,-0.1729,-122.46,0.1821
17.434,0.0526,0.0225,-0.1729,-122.46,0.1821
17.467,0.0526,0.0225,-0.1729,-122.46,0.1821
17.501,0.0526,0.0225,-0.1729,-122.46,0.1821
17.534,0.0526,0.0225,-0.1727,-122.46,0.1819
17.567,0.0526,0.0225,-0.1727,-122.46,0.1819
17.601,0.0526,0.0225,-0.1727,-122.46,0.1819
17.634,0.0526,0.0225,-0.1727,-122.46,0.1819
17.667,0.0526,0.0225,-0.1727,-122.47,0.1819
17.701,0.0526,0.0226,-0.1727,-122.47,0.1819
17.734,0.0524,0.0230,-0.1728,-122.45,0.1820
17.767,0.0523,0.0231,-0.1728,-122.45,0.1820
17.801,0.0523,0.0231,-0.1728,-122.44,0.1820
17.834,0.0521,0.0231,-0.1727,-122.43,0.1819
17.867,0.0519,0.0233,-0.1728,-122.42,0.1819
17.901,0.0518,0.0235,-0.1728,-122.41,0.1819
17.934,0.0517,0.0236,-0.1726,-122.40,0.1817
17.968,0.0517,0.0236,-0.1726,-122.40,0.1817
18.001,0.0519,0.0232,-0.1726,-122.41,0.1817
18.034,0.0521,0.0230,-0.1726,-122.43,0.1817
18.068,0.0521,0.0229,-0.1726,-122.43,0.1818
18.101,0.0521,0.0229,-0.1726,-122.44,0.1818
18.134,0.0522,0.0231,-0.1726,-122.44,0.1818
18.168,0.0523,0.0232,-0.1726,-122.45,0.1819
18.201,0.0522,0.0232,-0.1726,-122.44,0.1818
18.234,0.0521,0.0232,-0.1726,-122.44,0.1818
18.268,0.0519,0.0231,-0.1727,-122.42,0.1818
18.301,0.0519,0.0231,-0.1727,-122.42,0.1818
18.334,0.0520,0.0228,-0.1728,-122.43,0.1819
18.368,0.0520,0.0227,-0.1728,-122.43,0.1819
18.434,0.0518,0.0229,-0.1726,-122.41,0.1817
18.468,0.0517,0.0229,-0.1726,-122.40,0.1816
18.501,0.0517,0.0229,-0.1726,-122.40,0.1816
18.534,0.0517,0.0229,-0.1726,-122.40,0.1817
18.568,0.0516,0.0228,-0.1730,-122.39,0.1819
18.601,0.0517,0.0226,-0.1731,-122.40,0.1820
18.634,0.0518,0.0224,-0.1731,-122.40,0.1820
18.668,0.0518,0.0224,-0.1728,-122.41,0.1818
18.701,0.0519,0.0225,-0.1728,-122.42,0.1819
18.734,0.0519,0.0225,-0.1729,-122.42,0.1819
18.768,0.0519,0.0225,-0.1729,-122.42,0.1819
18.801,0.0520,0.0229,-0.1726,-122.44,0.1817
18.834,0.0520,0.0231,-0.1725,-122.45,0.1816
18.868,0.0521,0.0231,-0.1725,-122.45,0.1817
18.901,0.0521,0.0231,-0.1725,-122.45,0.1817
18.934,0.0521,0.0230,-0.1725,-122.45,0.1817
18.968,0.0521,0.0231,-0.1725,-122.45,0.1817
19.001,0.0521,0.0231,-0.1725,-122.45,0.1817
19.034,0.0521,0.0231,-0.1725,-122.45,0.1817
19.068,0.0522,0.0231,-0.1725,-122.46,0.1817
19.101,0.0522,0.0231,-0.1726,-122.46,0.1817
19.134,0.0522,0.0232,-0.1728,-122.46,0.1820
19.168,0.0524,0.0234,-0.1728,-122.48,0.1821
19.201,0.0525,0.0236,-0.1728,-122.49,0.1822
19.234,0.0526,0.0238,-0.1727,-122.50,0.1821
19.268,0.0526,0.0240,-0.1725,-122.50,0.1820
19.301,0.0527,0.0242,-0.1726,-122.51,0.1820
19.334,0.0527,0.0243,-0.1725,-122.51,0.1821
19.368,0.0527,0.0243,-0.1726,-122.51,0.1821
19.401,0.0527,0.0243,-0.1726,-122.52,0.1821
19.434,0.0527,0.0243,-0.1726,-122.51,0.1821
19.468,0.0527,0.0243,-0.1726,-122.51,0.1821
19.501,0.0527,0.0237,-0.1731,-122.51,0.1825
19.534,0.0528,0.0236,-0.1734,-122.51,0.1828
19.568,0.0528,0.0236,-0.1736,-122.51,0.1830
19.601,0.0526,0.0232,-0.1735,-122.48,0.1828
19.634,0.0524,0.0230,-0.1730,-122.47,0.1823
19.668,0.0524,0.0229,-0.1724,-122.47,0.1817
19.701,0.0524,0.0228,-0.1722,-122.48,0.1814
19.734,0.0524,0.0226,-0.1721,-122.48,0.1814
19.768,0.0524,0.0225,-0.1720,-122.48,0.1812
19.801,0.0522,0.0223,-0.1722,-122.47,0.1813
19.834,0.0523,0.0223,-0.1724,-122.46,0.1816
19.868,0.0523,0.0224,-0.1729,-122.46,0.1820
19.901,0.0523,0.0225,-0.1729,-122.46,0.1820
19.934,0.0523,0.0226,-0.1728,-122.46,0.1819
19.968,0.0524,0.0226,-0.1727,-122.46,0.1819
20.001,0.0524,0.0226,-0.1727,-122.46,0.1819
20.034,0.0525,0.0226,-0.1729,-122.46,0.1821
20.068,0.0527,0.0226,-0.1731,-122.45,0.1823
20.101,0.0524,0.0229,-0.1728,-122.42,0.1820
20.134,0.0523,0.0232,-0.1729,-122.40,0.1821
20.168,0.0523,0.0236,-0.1732,-122.39,0.1825
20.201,0.0523,0.0241,-0.1735,-122.37,0.1828
20.234,0.0523,0.0244,-0.1735,-122.33,0.1829
20.268,0.0524,0.0242,-0.1736,-122.23,0.1829
20.301,0.0526,0.0240,-0.1737,-122.01,0.1831
20.334,0.0527,0.0232,-0.1739,-121.68,0.1832
20.368,0.0524,0.0217,-0.1727,-121.35,0.1818
20.401,0.0520,0.0200,-0.1725,-121.13,0.1813
20.434,0.0517,0.0199,-0.1729,-121.05,0.1815
20.468,0.0517,0.0203,-0.1730,-121.06,0.1817
20.501,0.0518,0.0206,-0.1730,-121.08,0.1817
20.534,0.0520,0.0206,-0.1729,-121.09,0.1817
20.568,0.0521,0.0206,-0.1728,-121.10,0.1817
20.601,0.0520,0.0203,-0.1726,-121.09,0.1814
20.634,0.0519,0.0200,-0.1726,-121.09,0.1814
20.668,0.0520,0.0199,-0.1726,-121.09,0.1814
20.701,0.0520,0.0199,-0.1726,-121.08,0.1814
20.734,0.0520,0.0199,-0.1726,-121.06,0.1814
20.768,0.0519,0.0199,-0.1726,-121.04,0.1813
20.801,0.0519,0.0197,-0.1728,-121.03,0.1815
20.835,0.0519,0.0195,-0.1729,-121.02,0.1816
20.868,0.0519,0.0193,-0.1729,-121.01,0.1815
20.901,0.0520,0.0193,-0.1727,-121.02,0.1814
20.935,0.0521,0.0193,-0.1727,-121.02,0.1814
20.968,0.0522,0.0195,-0.1726,-121.03,0.1814
21.001,0.0523,0.0195,-0.1726,-121.03,0.1814
21.035,0.0523,0.0197,-0.1726,-121.03,0.1814
21.068,0.0523,0.0197,-0.1726,-121.03,0.1814
21.101,0.0522,0.0197,-0.1727,-121.03,0.1815
21.135,0.0523,0.0196,-0.1726,-121.03,0.1814
21.168,0.0523,0.0196,-0.1727,-121.03,0.1815
21.201,0.0523,0.0195,-0.1728,-121.02,0.1816
21.235,0.0523,0.0196,-0.1728,-121.02,0.1816
21.301,0.0523,0.0199,-0.1727,-121.03,0.1816
21.335,0.0521,0.0202,-0.1729,-121.02,0.1817
21.368,0.0518,0.0206,-0.1730,-121.01,0.1818
21.401,0.0519,0.0208,-0.1730,-121.01,0.1818
21.435,0.0518,0.0208,-0.1729,-121.01,0.1817
21.468,0.0518,0.0208,-0.1729,-121.01,0.1817
21.501,0.0519,0.0207,-0.1729,-121.01,0.1817
21.535,0.0518,0.0203,-0.1728,-121.00,0.1815
21.568,0.0518,0.0200,-0.1727,-120.99,0.1815
21.601,0.0520,0.0197,-0.1727,-120.98,0.1814
21.635,0.0521,0.0195,-0.1726,-120.94,0.1813
21.668,0.0521,0.0194,-0.1726,-120.89,0.1813
21.701,0.0520,0.0196,-0.1725,-120.87,0.1813
21.735,0.0519,0.0197,-0.1728,-120.86,0.1815
21.768,0.0519,0.0197,-0.1726,-120.86,0.1813
21.801,0.0519,0.0197,-0.1728,-120.86,0.1815
21.835,0.0519,0.0196,-0.1727,-120.84,0.1814
21.868,0.0519,0.0196,-0.1727,-120.84,0.1814
21.901,0.0518,0.0195,-0.1726,-120.83,0.1813
21.935,0.0519,0.0195,-0.1727,-120.83,0.1814
21.968,0.0519,0.0195,-0.1726,-120.83,0.1813
22.001,0.0518,0.0196,-0.1727,-120.83,0.1813
22.035,0.0518,0.0196,-0.1726,-120.83,0.1813
22.068,0.0519,0.0195,-0.1727,-120.83,0.1814
22.101,0.0520,0.0197,-0.1725,-120.85,0.1813
22.135,0.0520,0.0198,-0.1725,-120.86,0.1813
22.168,0.0520,0.0198,-0.1726,-120.86,0.1813
22.201,0.0523,0.0198,-0.1731,-120.85,0.1819
22.235,0.0537,0.0206,-0.1675,-120.74,0.1771
22.268,0.0520,0.0199,-0.1667,-120.59,0.1758
22.301,0.0507,0.0163,-0.1692,-120.37,0.1774
22.335,0.0498,0.0120,-0.1767,-119.43,0.1840
22.368,0.0473,0.0136,-0.1772,-118.42,0.1839
22.401,0.0467,0.0118,-0.1772,-118.31,0.1836
22.435,0.0466,0.0117,-0.1772,-118.12,0.1836
22.468,0.0466,0.0116,-0.1771,-118.08,0.1835
22.501,0.0466,0.0116,-0.1771,-118.07,0.1835
22.535,0.0466,0.0129,-0.1778,-118.01,0.1842
22.568,0.0462,0.0125,-0.1781,-117.93,0.1844
22.601,0.0460,0.0126,-0.1776,-117.97,0.1839
22.635,0.0459,0.0130,-0.1769,-117.99,0.1832
22.668,0.0463,0.0132,-0.1760,-118.03,0.1825
22.701,0.0482,0.0135,-0.1720,-118.02,0.1792
22.735,0.0491,0.0125,-0.1701,-118.00,0.1775
22.768,0.0514,0.0131,-0.1728,-118.07,0.1807
22.801,0.0505,0.0155,-0.1748,-118.10,0.1826
22.835,0.0532,0.0186,-0.1760,-117.96,0.1848
22.868,0.0525,0.0200,-0.1786,-117.76,0.1873
22.901,0.0536,0.0163,-0.1699,-117.99,0.1789
22.935,0.0536,0.0165,-0.1699,-117.91,0.1789
22.968,0.0493,0.0153,-0.1706,-117.78,0.1782
23.001,0.0494,0.0152,-0.1732,-117.88,0.1808
23.035,0.0494,0.0150,-0.1728,-117.98,0.1804
23.068,0.0465,0.0137,-0.1735,-117.99,0.1801
23.101,0.0445,0.0125,-0.1749,-118.09,0.1809
23.135,0.0451,0.0134,-0.1725,-119.44,0.1789
23.168,0.0461,0.0160,-0.1727,-122.00,0.1795
23.201,0.0471,0.0182,-0.1728,-124.39,0.1800
23.235,0.0471,0.0190,-0.1721,-125.74,0.1795
23.268,0.0474,0.0215,-0.1698,-129.71,0.1776
23.301,0.0492,0.0254,-0.1689,-135.46,0.1778
23.335,0.0521,0.0295,-0.1697,-141.94,0.1800
23.368,0.0548,0.0322,-0.1714,-147.69,0.1828
23.401,0.0589,0.0350,-0.1746,-153.77,0.1876
23.435,0.0653,0.0388,-0.1782,-161.24,0.1937
23.468,0.0736,0.0425,-0.1813,-169.63,0.2003
23.501,0.0754,0.1046,-0.1612,-174.31,0.2064
23.535,0.0845,0.0851,-0.1711,175.25,0.2090
23.568,0.0514,0.0391,-0.2235,162.81,0.2326
23.601,0.0624,0.0393,-0.2204,154.19,0.2324
23.635,0.0714,0.0381,-0.2169,146.94,0.2315
23.668,0.0784,0.0360,-0.2139,140.24,0.2306
23.701,0.0833,0.0339,-0.2116,135.25,0.2299
23.735,0.0865,0.0321,-0.2101,132.12,0.2295
23.768,0.0886,0.0309,-0.2089,129.89,0.2290
23.801,0.0902,0.0297,-0.2079,127.91,0.2286
23.835,0.0921,0.0275,-0.2089,125.36,0.2300
23.868,0.0934,0.0258,-0.2096,123.66,0.2309
23.901,0.0940,0.0250,-0.2100,123.14,0.2314
23.935,0.0943,0.0246,-0.2100,122.75,0.2315
23.968,0.0945,0.0244,-0.2100,122.50,0.2316
24.001,0.0943,0.0246,-0.2100,122.76,0.2316
24.035,0.0939,0.0251,-0.2101,123.38,0.2315
24.068,0.0930,0.0260,-0.2102,124.51,0.2313
24.101,0.0916,0.0273,-0.2104,126.35,0.2311
24.135,0.0896,0.0292,-0.2106,128.94,0.2308
24.168,0.0868,0.0315,-0.2109,132.42,0.2303
24.201,0.0835,0.0339,-0.2112,136.21,0.2297
24.235,0.0803,0.0359,-0.2115,139.76,0.2291
24.268,0.0775,0.0375,-0.2117,142.79,0.2285
24.301,0.0753,0.0385,-0.2119,145.02,0.2281
24.335,0.0754,0.0385,-0.2119,144.94,0.2282
24.368,0.0750,0.0356,-0.2115,143.98,0.2272
24.401,0.0726,0.0328,-0.2103,143.37,0.2249
24.435,0.0707,0.0280,-0.2095,143.16,0.2229
24.468,0.0683,0.0239,-0.2080,143.26,0.2202
24.501,0.0699,0.0286,-0.2112,144.30,0.2243
24.535,0.0707,0.0297,-0.2115,144.49,0.2249
24.568,0.0712,0.0308,-0.2115,144.57,0.2253
24.601,0.0568,0.0196,-0.2283,144.21,0.2361
24.635,0.0458,0.0150,-0.2302,143.72,0.2352
24.668,0.0435,0.0136,-0.2318,143.51,0.2362
24.701,0.0434,0.0131,-0.2319,143.47,0.2363
24.735,0.0438,0.0132,-0.2319,143.50,0.2363
24.768,0.0441,0.0136,-0.2317,143.54,0.2362
24.801,0.0443,0.0138,-0.2315,143.57,0.2361
24.835,0.0442,0.0139,-0.2314,143.58,0.2360
24.868,0.0442,0.0139,-0.2313,143.58,0.2359
24.901,0.0390,0.0108,-0.2374,143.42,0.2409
24.935,0.0367,0.0095,-0.2393,143.28,0.2423
24.968,0.0362,0.0091,-0.2398,143.22,0.2427
25.001,0.0363,0.0092,-0.2399,143.22,0.2428
25.035,0.0363,0.0093,-0.2400,143.24,0.2429
25.068,0.0364,0.0094,-0.2400,143.26,0.2429
25.101,0.0365,0.0095,-0.2399,143.27,0.2429
25.135,0.0366,0.0093,-0.2398,143.25,0.2428
25.168,0.0366,0.0092,-0.2398,143.25,0.2427
25.201,0.0365,0.0092,-0.2398,143.25,0.2427
25.235,0.0365,0.0092,-0.2398,143.26,0.2427
25.268,0.0364,0.0091,-0.2398,143.23,0.2427
25.301,0.0362,0.0089,-0.2398,143.21,0.2427
25.335,0.0360,0.0088,-0.2398,143.19,0.2426
25.368,0.0359,0.0087,-0.2397,143.18,0.2425
25.402,0.0359,0.0086,-0.2395,143.17,0.2423
25.435,0.0358,0.0085,-0.2395,143.17,0.2423
25.468,0.0329,0.0067,-0.2432,143.07,0.2455
25.501,0.0285,0.0037,-0.2462,142.82,0.2479
25.535,0.0279,0.0030,-0.2468,142.73,0.2483
25.568,0.0279,0.0029,-0.2468,142.72,0.2484
25.602,0.0280,0.0030,-0.2468,142.74,0.2484
25.635,0.0281,0.0031,-0.2467,142.75,0.2483
25.668,0.0281,0.0034,-0.2468,142.76,0.2484
25.702,0.0281,0.0035,-0.2468,142.77,0.2484
25.735,0.0281,0.0035,-0.2468,142.77,0.2484
25.768,0.0281,0.0036,-0.2468,142.77,0.2485
25.802,0.0281,0.0036,-0.2468,142.77,0.2485
25.835,0.0281,0.0036,-0.2468,142.77,0.2485
25.868,0.0283,0.0037,-0.2469,142.77,0.2486
25.902,0.0285,0.0038,-0.2468,142.76,0.2485
25.935,0.0290,0.0045,-0.2471,142.75,0.2488
25.968,0.0304,0.0055,-0.2469,142.45,0.2489
26.002,0.0238,-0.0002,-0.2545,141.76,0.2556
26.035,0.0206,-0.0025,-0.2553,141.19,0.2562
26.068,0.0147,-0.0035,-0.2599,140.83,0.2603
26.102,0.0079,-0.0053,-0.2626,140.77,0.2628
26.135,0.0018,-0.0075,-0.2623,140.92,0.2624
26.168,0.0100,-0.0022,-0.2537,144.07,0.2539
26.201,0.0050,-0.0008,-0.2542,147.63,0.2543
26.235,-0.0009,0.0007,-0.2542,151.46,0.2542
26.268,-0.0071,0.0017,-0.2538,155.28,0.2539
26.301,-0.0148,0.0021,-0.2528,160.34,0.2532
26.335,-0.0238,0.0018,-0.2507,166.58,0.2518
26.368,-0.0325,0.0003,-0.2476,173.91,0.2497
26.401,-0.0396,-0.0017,-0.2438,-177.72,0.2470
26.435,-0.0446,-0.0037,-0.2402,-169.33,0.2443
26.468,-0.0474,-0.0051,-0.2378,-163.99,0.2425
26.501,-0.0379,-0.0200,-0.2327,-163.51,0.2367
26.535,-0.0367,-0.0228,-0.2372,-163.33,0.2411
26.568,-0.0350,-0.0198,-0.2392,-162.42,0.2426
26.601,-0.0334,-0.0179,-0.2351,-161.46,0.2381
26.635,-0.0328,-0.0171,-0.2370,-159.44,0.2398
26.668,-0.0297,-0.0222,-0.2336,-157.57,0.2365
26.701,-0.0334,-0.0232,-0.2490,-155.43,0.2523
26.735,-0.0325,-0.0220,-0.2527,-153.94,0.2558
26.768,-0.0327,-0.0188,-0.2543,-152.83,0.2571
26.801,-0.0324,-0.0221,-0.2615,-152.65,0.2644
26.835,-0.0311,-0.0211,-0.2611,-152.16,0.2638
26.868,-0.0321,-0.0222,-0.2657,-151.71,0.2686
26.901,-0.0315,-0.0251,-0.2637,-150.19,0.2668
26.935,-0.0313,-0.0253,-0.2651,-148.48,0.2681
26.968,-0.0313,-0.0256,-0.2656,-147.48,0.2686
27.001,-0.0321,-0.0263,-0.2654,-146.47,0.2686
27.035,-0.0332,-0.0273,-0.2652,-145.07,0.2687
27.068,-0.0319,-0.0310,-0.2644,-143.70,0.2681
27.101,-0.0321,-0.0331,-0.2667,-142.43,0.2707
27.135,-0.0309,-0.0337,-0.2658,-141.18,0.2697
27.168,-0.0290,-0.0331,-0.2662,-140.34,0.2698
27.201,-0.0272,-0.0296,-0.2660,-139.81,0.2690
27.235,-0.0232,-0.0342,-0.2602,-140.34,0.2635
27.268,-0.0236,-0.0335,-0.2602,-140.59,0.2634
27.301,-0.0241,-0.0338,-0.2600,-140.93,0.2633
27.335,-0.0184,-0.0357,-0.2615,-141.54,0.2646
27.368,-0.0045,-0.0387,-0.2671,-141.66,0.2699
27.401,-0.0006,-0.0408,-0.2688,-141.63,0.2719
27.435,0.0003,-0.0419,-0.2693,-141.56,0.2725
27.468,0.0014,-0.0468,-0.2691,-141.69,0.2731
27.502,-0.0011,-0.0490,-0.2681,-141.84,0.2726
27.535,-0.0014,-0.0493,-0.2674,-141.91,0.2719
27.568,-0.0016,-0.0493,-0.2670,-141.91,0.2716
27.602,-0.0026,-0.0520,-0.2670,-141.91,0.2721
27.635,-0.0031,-0.0532,-0.2664,-141.91,0.2717
27.668,-0.0033,-0.0531,-0.2656,-141.92,0.2709
27.702,-0.0033,-0.0531,-0.2653,-141.91,0.2706
27.735,-0.0041,-0.0531,-0.2663,-141.90,0.2715
27.768,-0.0073,-0.0530,-0.2652,-141.88,0.2706
27.802,-0.0082,-0.0531,-0.2647,-141.87,0.2701
27.835,-0.0084,-0.0531,-0.2646,-141.86,0.2701
27.868,-0.0096,-0.0528,-0.2647,-141.88,0.2700
27.902,-0.0104,-0.0527,-0.2651,-141.86,0.2705
27.935,-0.0105,-0.0525,-0.2652,-141.85,0.2706
27.968,-0.0105,-0.0525,-0.2648,-141.84,0.2702
28.002,-0.0115,-0.0528,-0.2642,-141.85,0.2697
28.035,-0.0123,-0.0526,-0.2635,-141.86,0.2690
28.068,-0.0125,-0.0525,-0.2633,-141.86,0.2688
28.102,-0.0125,-0.0525,-0.2633,-141.86,0.2688
28.135,-0.0130,-0.0532,-0.2630,-141.85,0.2687
28.168,-0.0129,-0.0540,-0.2632,-141.88,0.2690
28.202,-0.0129,-0.0540,-0.2632,-141.88,0.2690
28.235,-0.0129,-0.0539,-0.2631,-141.87,0.2689
28.268,-0.0124,-0.0531,-0.2642,-141.77,0.2697
28.302,-0.0123,-0.0525,-0.2648,-141.72,0.2703
28.335,-0.0123,-0.0521,-0.2652,-141.69,0.2706
28.368,-0.0126,-0.0522,-0.2655,-141.68,0.2709
28.402,-0.0128,-0.0523,-0.2656,-141.68,0.2710
28.435,-0.0129,-0.0524,-0.2655,-141.68,0.2709
28.468,-0.0126,-0.0522,-0.2653,-141.70,0.2706
28.502,-0.0124,-0.0521,-0.2652,-141.71,0.2706
28.535,-0.0123,-0.0522,-0.2653,-141.71,0.2706
28.568,-0.0120,-0.0514,-0.2647,-141.72,0.2699
28.602,-0.0119,-0.0512,-0.2646,-141.71,0.2697
28.635,-0.0119,-0.0512,-0.2646,-141.71,0.2698
28.668,-0.0119,-0.0515,-0.2652,-141.71,0.2704
28.702,-0.0118,-0.0516,-0.2654,-141.72,0.2707
28.735,-0.0120,-0.0517,-0.2656,-141.72,0.2709
28.768,-0.0121,-0.0517,-0.2656,-141.72,0.2709
28.802,-0.0120,-0.0515,-0.2655,-141.72,0.2707
28.835,-0.0120,-0.0515,-0.2655,-141.71,0.2707
28.868,-0.0120,-0.0515,-0.2655,-141.71,0.2707
28.902,-0.0120,-0.0515,-0.2655,-141.71,0.2707
28.935,-0.0120,-0.0515,-0.2655,-141.71,0.2707
28.968,-0.0115,-0.0514,-0.2655,-141.72,0.2706
29.002,-0.0112,-0.0516,-0.2655,-141.72,0.2707
29.035,-0.0110,-0.0516,-0.2654,-141.72,0.2706
29.068,-0.0110,-0.0516,-0.2654,-141.72,0.2706
29.102,-0.0110,-0.0516,-0.2654,-141.72,0.2706
29.135,-0.0110,-0.0516,-0.2654,-141.72,0.2706
29.168,-0.0110,-0.0516,-0.2654,-141.72,0.2706
29.202,-0.0110,-0.0520,-0.2655,-141.73,0.2708
29.235,-0.0108,-0.0525,-0.2652,-141.75,0.2705
29.268,-0.0107,-0.0527,-0.2650,-141.76,0.2704
29.302,-0.0107,-0.0528,-0.2650,-141.77,0.2704
29.335,-0.0107,-0.0532,-0.2654,-141.76,0.2709
29.368,-0.0106,-0.0536,-0.2655,-141.76,0.2711
29.402,-0.0106,-0.0538,-0.2650,-141.77,0.2706
29.435,-0.0106,-0.0539,-0.2648,-141.78,0.2704
29.468,-0.0108,-0.0540,-0.2650,-141.78,0.2706
29.502,-0.0109,-0.0540,-0.2651,-141.78,0.2707
29.535,-0.0107,-0.0537,-0.2650,-141.78,0.2706
29.568,-0.0106,-0.0533,-0.2654,-141.78,0.2709
29.602,-0.0105,-0.0531,-0.2656,-141.78,0.2711
29.635,-0.0106,-0.0527,-0.2652,-141.77,0.2706
29.668,-0.0105,-0.0525,-0.2649,-141.78,0.2703
29.702,-0.0105,-0.0523,-0.2650,-141.78,0.2704
29.735,-0.0105,-0.0522,-0.2649,-141.79,0.2702
29.768,-0.0102,-0.0521,-0.2648,-141.78,0.2700
29.835,-0.0098,-0.0521,-0.2647,-141.79,0.2700
29.868,-0.0098,-0.0520,-0.2650,-141.80,0.2702
29.902,-0.0096,-0.0518,-0.2653,-141.80,0.2704
29.935,-0.0095,-0.0517,-0.2653,-141.80,0.2705
29.968,-0.0096,-0.0517,-0.2655,-141.80,0.2706
30.002,-0.0095,-0.0517,-0.2656,-141.80,0.2708
30.035,-0.0095,-0.0517,-0.2657,-141.81,0.2708
30.068,-0.0094,-0.0515,-0.2656,-141.81,0.2707
30.102,-0.0093,-0.0514,-0.2655,-141.81,0.2706
30.135,-0.0094,-0.0513,-0.2658,-141.80,0.2709
30.168,-0.0094,-0.0511,-0.2658,-141.78,0.2709
30.202,-0.0094,-0.0509,-0.2660,-141.77,0.2710
30.235,-0.0093,-0.0508,-0.2660,-141.77,0.2710
30.268,-0.0093,-0.0508,-0.2660,-141.77,0.2710
30.302,-0.0093,-0.0508,-0.2660,-141.77,0.2710
30.335,-0.0092,-0.0508,-0.2660,-141.77,0.2710
30.368,-0.0093,-0.0507,-0.2658,-141.76,0.2708
30.402,-0.0094,-0.0506,-0.2658,-141.75,0.2707
30.435,-0.0094,-0.0507,-0.2655,-141.75,0.2705
30.469,-0.0095,-0.0509,-0.2656,-141.75,0.2706
30.502,-0.0095,-0.0509,-0.2656,-141.75,0.2706
30.535,-0.0095,-0.0509,-0.2657,-141.75,0.2707
30.569,-0.0094,-0.0509,-0.2657,-141.75,0.2707
30.602,-0.0094,-0.0509,-0.2657,-141.75,0.2707
30.635,-0.0100,-0.0502,-0.2654,-141.70,0.2703
30.669,-0.0103,-0.0498,-0.2655,-141.67,0.2703
30.702,-0.0103,-0.0495,-0.2654,-141.66,0.2702
30.735,-0.0103,-0.0494,-0.2654,-141.65,0.2702
30.769,-0.0104,-0.0494,-0.2655,-141.64,0.2702
30.802,-0.0104,-0.0494,-0.2655,-141.64,0.2703
30.835,-0.0103,-0.0495,-0.2658,-141.64,0.2706
30.869,-0.0104,-0.0493,-0.2661,-141.63,0.2708
30.902,-0.0105,-0.0491,-0.2661,-141.62,0.2708
30.935,-0.0105,-0.0495,-0.2665,-141.63,0.2713
30.969,-0.0105,-0.0497,-0.2666,-141.64,0.2714
31.002,-0.0103,-0.0505,-0.2665,-141.67,0.2714
31.035,-0.0102,-0.0510,-0.2665,-141.69,0.2715
31.069,-0.0101,-0.0512,-0.2664,-141.71,0.2715
31.102,-0.0100,-0.0512,-0.2664,-141.71,0.2715
31.135,-0.0100,-0.0512,-0.2664,-141.71,0.2715
31.169,-0.0100,-0.0512,-0.2664,-141.71,0.2715
31.202,-0.0101,-0.0510,-0.2662,-141.70,0.2712
31.235,-0.0102,-0.0509,-0.2662,-141.69,0.2712
31.269,-0.0102,-0.0511,-0.2661,-141.68,0.2711
31.302,-0.0102,-0.0512,-0.2661,-141.68,0.2711
31.335,-0.0104,-0.0516,-0.2658,-141.69,0.2709
31.369,-0.0107,-0.0516,-0.2657,-141.69,0.2709
31.402,-0.0108,-0.0515,-0.2656,-141.68,0.2708
31.435,-0.0109,-0.0514,-0.2656,-141.68,0.2708
31.469,-0.0108,-0.0513,-0.2657,-141.67,0.2708
31.502,-0.0108,-0.0513,-0.2657,-141.67,0.2709
31.535,-0.0107,-0.0513,-0.2657,-141.67,0.2709
31.569,-0.0107,-0.0513,-0.2657,-141.67,0.2709
31.602,-0.0107,-0.0513,-0.2657,-141.67,0.2709
31.635,-0.0107,-0.0513,-0.2657,-141.67,0.2709
31.669,-0.0107,-0.0513,-0.2657,-141.67,0.2709
31.702,-0.0107,-0.0513,-0.2657,-141.67,0.2709
31.735,-0.0107,-0.0513,-0.2657,-141.67,0.2709
31.769,-0.0107,-0.0513,-0.2657,-141.67,0.2708
31.802,-0.0107,-0.0513,-0.2657,-141.67,0.2708
31.835,-0.0107,-0.0513,-0.2657,-141.67,0.2709
31.869,-0.0107,-0.0513,-0.2657,-141.67,0.2709
31.902,-0.0109,-0.0517,-0.2659,-141.68,0.2711
31.935,-0.0108,-0.0521,-0.2656,-141.69,0.2709
31.969,-0.0108,-0.0523,-0.2654,-141.70,0.2707
32.002,-0.0108,-0.0523,-0.2654,-141.70,0.2707
32.069,-0.0110,-0.0523,-0.2658,-141.70,0.2711
32.102,-0.0111,-0.0522,-0.2658,-141.69,0.2711
32.135,-0.0111,-0.0518,-0.2655,-141.67,0.2707
32.168,-0.0113,-0.0516,-0.2654,-141.66,0.2706
32.202,-0.0113,-0.0516,-0.2654,-141.66,0.2706
32.235,-0.0113,-0.0516,-0.2654,-141.66,0.2706
32.269,-0.0113,-0.0516,-0.2654,-141.66,0.2706
32.302,-0.0111,-0.0516,-0.2655,-141.66,0.2707
32.335,-0.0108,-0.0517,-0.2658,-141.67,0.2710
32.369,-0.0107,-0.0519,-0.2661,-141.68,0.2713
32.402,-0.0105,-0.0520,-0.2661,-141.69,0.2713
32.435,-0.0101,-0.0522,-0.2656,-141.72,0.2709
32.469,-0.0099,-0.0525,-0.2655,-141.74,0.2708
32.502,-0.0097,-0.0529,-0.2656,-141.76,0.2710
32.535,-0.0097,-0.0529,-0.2660,-141.78,0.2714
32.569,-0.0097,-0.0530,-0.2661,-141.79,0.2714
32.602,-0.0095,-0.0529,-0.2664,-141.79,0.2717
32.635,-0.0093,-0.0529,-0.2662,-141.79,0.2716
32.669,-0.0092,-0.0531,-0.2662,-141.80,0.2716
32.702,-0.0091,-0.0531,-0.2662,-141.80,0.2716
32.735,-0.0089,-0.0530,-0.2665,-141.79,0.2719
32.769,-0.0087,-0.0528,-0.2666,-141.78,0.2720
32.802,-0.0087,-0.0528,-0.2667,-141.78,0.2720
32.835,-0.0084,-0.0529,-0.2666,-141.77,0.2719
32.869,-0.0082,-0.0531,-0.2666,-141.78,0.2720
32.902,-0.0082,-0.0531,-0.2666,-141.78,0.2720
32.935,-0.0081,-0.0531,-0.2667,-141.78,0.2720
32.969,-0.0079,-0.0531,-0.2672,-141.80,0.2725
33.002,-0.0077,-0.0532,-0.2674,-141.80,0.2727
33.035,-0.0075,-0.0533,-0.2675,-141.80,0.2728
33.069,-0.0072,-0.0535,-0.2672,-141.80,0.2726
33.102,-0.0070,-0.0535,-0.2671,-141.81,0.2725
33.135,-0.0070,-0.0536,-0.2671,-141.81,0.2725
33.169,-0.0069,-0.0536,-0.2671,-141.82,0.2725
33.202,-0.0070,-0.0536,-0.2671,-141.82,0.2725
33.235,-0.0070,-0.0536,-0.2670,-141.81,0.2725
33.269,-0.0070,-0.0536,-0.2670,-141.81,0.2724
33.302,-0.0070,-0.0536,-0.2670,-141.81,0.2724
33.335,-0.0072,-0.0532,-0.2669,-141.80,0.2723
33.369,-0.0071,-0.0532,-0.2665,-141.79,0.2719
33.402,-0.0071,-0.0533,-0.2664,-141.79,0.2718
33.435,-0.0092,-0.0527,-0.2684,-141.78,0.2737
33.469,-0.0103,-0.0523,-0.2692,-141.75,0.2744
33.502,-0.0107,-0.0524,-0.2692,-141.74,0.2744
33.535,-0.0108,-0.0525,-0.2690,-141.73,0.2743
33.569,-0.0108,-0.0525,-0.2690,-141.74,0.2742
33.602,-0.0107,-0.0525,-0.2690,-141.74,0.2743
33.635,-0.0107,-0.0524,-0.2689,-141.74,0.2742
33.669,-0.0107,-0.0524,-0.2689,-141.74,0.2742
33.702,-0.0107,-0.0524,-0.2689,-141.74,0.2742
33.735,-0.0110,-0.0522,-0.2688,-141.72,0.2741
33.769,-0.0111,-0.0520,-0.2687,-141.71,0.2740
33.802,-0.0112,-0.0518,-0.2685,-141.70,0.2737
33.835,-0.0113,-0.0517,-0.2685,-141.70,0.2737
33.869,-0.0112,-0.0516,-0.2685,-141.70,0.2737
33.902,-0.0111,-0.0516,-0.2686,-141.69,0.2737
33.935,-0.0111,-0.0516,-0.2686,-141.69,0.2737
33.969,-0.0111,-0.0516,-0.2686,-141.70,0.2737
34.002,-0.0111,-0.0515,-0.2683,-141.69,0.2734
34.035,-0.0112,-0.0515,-0.2681,-141.68,0.2732
34.069,-0.0110,-0.0517,-0.2680,-141.69,0.2731
34.102,-0.0112,-0.0518,-0.2680,-141.69,0.2732
34.135,-0.0111,-0.0520,-0.2679,-141.70,0.2731
34.169,-0.0111,-0.0521,-0.2679,-141.71,0.2731
34.202,-0.0113,-0.0522,-0.2679,-141.71,0.2732
34.235,-0.0112,-0.0524,-0.2679,-141.71,0.2732
34.269,-0.0111,-0.0526,-0.2679,-141.72,0.2732
34.302,-0.0114,-0.0524,-0.2679,-141.71,0.2733
34.335,-0.0117,-0.0523,-0.2678,-141.70,0.2731
34.369,-0.0117,-0.0524,-0.2676,-141.70,0.2730
34.402,-0.0117,-0.0524,-0.2678,-141.69,0.2731
34.435,-0.0117,-0.0521,-0.2664,-141.66,0.2717
34.469,-0.0123,-0.0512,-0.2657,-141.60,0.2709
34.502,-0.0127,-0.0506,-0.2654,-141.55,0.2704
34.535,-0.0130,-0.0500,-0.2652,-141.51,0.2702
34.569,-0.0132,-0.0497,-0.2650,-141.48,0.2699
34.602,-0.0134,-0.0496,-0.2649,-141.47,0.2698
34.635,-0.0135,-0.0496,-0.2649,-141.46,0.2698
34.669,-0.0136,-0.0494,-0.2646,-141.43,0.2695
34.702,-0.0136,-0.0491,-0.2645,-141.42,0.2694
34.735,-0.0137,-0.0491,-0.2644,-141.40,0.2693
34.769,-0.0139,-0.0490,-0.2643,-141.39,0.2691
34.802,-0.0140,-0.0490,-0.2641,-141.38,0.2690
34.835,-0.0140,-0.0490,-0.2640,-141.37,0.2689
34.869,-0.0140,-0.0489,-0.2639,-141.36,0.2688
34.902,-0.0142,-0.0488,-0.2637,-141.36,0.2686
34.935,-0.0143,-0.0488,-0.2635,-141.35,0.2684
34.969,-0.0143,-0.0487,-0.2635,-141.35,0.2683
35.002,-0.0143,-0.0487,-0.2635,-141.34,0.2684
35.035,-0.0143,-0.0487,-0.2635,-141.34,0.2684
35.069,-0.0143,-0.0486,-0.2634,-141.34,0.2682
35.102,-0.0143,-0.0485,-0.2631,-141.33,0.2680
35.135,-0.0144,-0.0485,-0.2631,-141.32,0.2679
35.169,-0.0154,-0.0475,-0.2640,-141.24,0.2686
35.202,-0.0159,-0.0468,-0.2642,-141.19,0.2688
35.235,-0.0161,-0.0464,-0.2642,-141.15,0.2687
35.269,-0.0168,-0.0459,-0.2647,-141.10,0.2692
35.302,-0.0171,-0.0455,-0.2649,-141.07,0.2693
35.336,-0.0174,-0.0451,-0.2648,-141.05,0.2692
35.369,-0.0183,-0.0442,-0.2657,-140.99,0.2700
35.402,-0.0186,-0.0438,-0.2659,-140.96,0.2701
35.435,-0.0188,-0.0436,-0.2655,-140.96,0.2697
35.469,-0.0171,-0.0461,-0.2659,-141.15,0.2704
35.502,-0.0158,-0.0480,-0.2663,-141.30,0.2710
35.536,-0.0145,-0.0495,-0.2660,-141.43,0.2710
35.569,-0.0137,-0.0501,-0.2658,-141.49,0.2708
35.602,-0.0132,-0.0505,-0.2656,-141.53,0.2707
35.635,-0.0131,-0.0506,-0.2655,-141.54,0.2706
35.669,-0.0128,-0.0506,-0.2654,-141.54,0.2705
35.702,-0.0127,-0.0505,-0.2654,-141.53,0.2705
35.736,-0.0127,-0.0502,-0.2656,-141.52,0.2706
35.769,-0.0126,-0.0501,-0.2656,-141.53,0.2705
35.802,-0.0126,-0.0499,-0.2656,-141.53,0.2705
35.835,-0.0125,-0.0499,-0.2655,-141.54,0.2705
35.869,-0.0125,-0.0497,-0.2659,-141.53,0.2708
35.902,-0.0125,-0.0496,-0.2658,-141.53,0.2707
35.935,-0.0125,-0.0495,-0.2658,-141.52,0.2707
35.969,-0.0126,-0.0496,-0.2658,-141.52,0.2707
36.002,-0.0126,-0.0495,-0.2660,-141.52,0.2708
36.035,-0.0125,-0.0493,-0.2661,-141.52,0.2709
36.069,-0.0128,-0.0494,-0.2662,-141.52,0.2711
36.102,-0.0127,-0.0493,-0.2661,-141.52,0.2710
36.135,-0.0127,-0.0494,-0.2661,-141.52,0.2710
36.169,-0.0128,-0.0494,-0.2664,-141.52,0.2712
36.202,-0.0129,-0.0493,-0.2663,-141.52,0.2711
36.235,-0.0127,-0.0494,-0.2662,-141.52,0.2710
36.269,-0.0128,-0.0493,-0.2663,-141.51,0.2711
36.302,-0.0129,-0.0494,-0.2665,-141.52,0.2713
36.335,-0.0130,-0.0493,-0.2664,-141.52,0.2713
36.369,-0.0129,-0.0494,-0.2663,-141.53,0.2712
36.402,-0.0129,-0.0495,-0.2664,-141.53,0.2713
36.435,-0.0127,-0.0495,-0.2665,-141.53,0.2714
36.469,-0.0121,-0.0499,-0.2666,-141.56,0.2715
36.502,-0.0122,-0.0500,-0.2674,-141.58,0.2723
36.535,-0.0121,-0.0502,-0.2675,-141.59,0.2725
36.569,-0.0120,-0.0506,-0.2673,-141.61,0.2723
36.602,-0.0119,-0.0508,-0.2672,-141.63,0.2722
36.635,-0.0119,-0.0510,-0.2671,-141.63,0.2722
36.669,-0.0120,-0.0513,-0.2672,-141.66,0.2723
36.702,-0.0120,-0.0516,-0.2671,-141.68,0.2723
36.735,-0.0120,-0.0517,-0.2671,-141.68,0.2723
36.769,-0.0119,-0.0517,-0.2670,-141.69,0.2723
36.802,-0.0119,-0.0521,-0.2669,-141.71,0.2722
36.835,-0.0118,-0.0523,-0.2668,-141.72,0.2722
36.869,-0.0117,-0.0524,-0.2668,-141.73,0.2722
36.902,-0.0119,-0.0524,-0.2667,-141.72,0.2721
36.935,-0.0121,-0.0523,-0.2667,-141.71,0.2721
36.969,-0.0123,-0.0521,-0.2664,-141.69,0.2718
37.002,-0.0125,-0.0520,-0.2664,-141.68,0.2717
37.035,-0.0126,-0.0519,-0.2664,-141.67,0.2717
37.069,-0.0128,-0.0519,-0.2661,-141.65,0.2714
37.102,-0.0129,-0.0517,-0.2658,-141.63,0.2711
37.136,-0.0130,-0.0516,-0.2656,-141.62,0.2709
37.169,-0.0130,-0.0516,-0.2651,-141.63,0.2704
37.202,-0.0129,-0.0518,-0.2649,-141.65,0.2702
37.236,-0.0129,-0.0520,-0.2649,-141.65,0.2702
37.269,-0.0127,-0.0520,-0.2648,-141.65,0.2702
37.302,-0.0127,-0.0520,-0.2647,-141.65,0.2700
37.336,-0.0127,-0.0521,-0.2646,-141.66,0.2700
37.369,-0.0126,-0.0521,-0.2646,-141.65,0.2699
37.402,-0.0126,-0.0521,-0.2646,-141.65,0.2699
37.436,-0.0126,-0.0521,-0.2646,-141.65,0.2699
37.469,-0.0126,-0.0521,-0.2645,-141.65,0.2699
37.502,-0.0126,-0.0521,-0.2645,-141.65,0.2699
37.536,-0.0128,-0.0514,-0.2640,-141.61,0.2692
37.569,-0.0130,-0.0510,-0.2638,-141.58,0.2690
37.602,-0.0132,-0.0508,-0.2639,-141.57,0.2691
37.636,-0.0135,-0.0503,-0.2638,-141.53,0.2689
37.669,-0.0137,-0.0501,-0.2639,-141.51,0.2689
37.702,-0.0137,-0.0501,-0.2639,-141.50,0.2689
37.736,-0.0137,-0.0502,-0.2639,-141.50,0.2690
37.769,-0.0137,-0.0502,-0.2639,-141.50,0.2690
37.802,-0.0136,-0.0502,-0.2639,-141.51,0.2689
37.836,-0.0135,-0.0502,-0.2638,-141.51,0.2689
37.869,-0.0134,-0.0498,-0.2638,-141.49,0.2688
37.902,-0.0135,-0.0496,-0.2641,-141.47,0.2690
37.936,-0.0133,-0.0496,-0.2639,-141.47,0.2688
37.969,-0.0132,-0.0497,-0.2639,-141.48,0.2688
38.002,-0.0132,-0.0496,-0.2640,-141.48,0.2689
38.036,-0.0132,-0.0494,-0.2641,-141.46,0.2690
38.069,-0.0131,-0.0491,-0.2642,-141.45,0.2691
38.102,-0.0130,-0.0492,-0.2644,-141.45,0.2693
38.136,-0.0131,-0.0490,-0.2646,-141.44,0.2694
38.169,-0.0135,-0.0485,-0.2647,-141.41,0.2695
38.202,-0.0134,-0.0485,-0.2648,-141.40,0.2695
38.236,-0.0124,-0.0486,-0.2650,-141.39,0.2697
38.269,-0.0120,-0.0494,-0.2651,-141.44,0.2700
38.302,-0.0122,-0.0499,-0.2650,-141.48,0.2699
38.336,-0.0129,-0.0507,-0.2651,-141.52,0.2703
38.369,-0.0136,-0.0507,-0.2644,-141.51,0.2695
38.402,-0.0140,-0.0506,-0.2642,-141.49,0.2693
38.436,-0.0142,-0.0504,-0.2642,-141.48,0.2693
38.469,-0.0142,-0.0503,-0.2643,-141.47,0.2694
38.502,-0.0142,-0.0502,-0.2643,-141.46,0.2694
38.536,-0.0151,-0.0492,-0.2642,-141.41,0.2692
38.569,-0.0156,-0.0487,-0.2642,-141.37,0.2691
38.602,-0.0158,-0.0490,-0.2639,-141.36,0.2689
38.636,-0.0160,-0.0500,-0.2635,-141.39,0.2687
38.669,-0.0160,-0.0509,-0.2628,-141.40,0.2682
38.702,-0.0158,-0.0520,-0.2619,-141.44,0.2675
38.736,-0.0157,-0.0525,-0.2610,-141.45,0.2667
38.769,-0.0155,-0.0533,-0.2602,-141.46,0.2661
38.802,-0.0151,-0.0544,-0.2591,-141.49,0.2652
38.836,-0.0150,-0.0559,-0.2598,-141.47,0.2662
38.869,-0.0150,-0.0563,-0.2602,-141.47,0.2667
38.902,-0.0150,-0.0563,-0.2603,-141.47,0.2667
38.936,-0.0160,-0.0549,-0.2614,-141.36,0.2676
38.969,-0.0170,-0.0537,-0.2617,-141.28,0.2677
39.002,-0.0174,-0.0535,-0.2615,-141.26,0.2675
39.036,-0.0174,-0.0535,-0.2615,-141.26,0.2675
39.069,-0.0173,-0.0526,-0.2609,-141.27,0.2667
39.102,-0.0177,-0.0520,-0.2605,-141.24,0.2662
39.136,-0.0183,-0.0524,-0.2596,-141.21,0.2655
39.169,-0.0185,-0.0538,-0.2586,-141.23,0.2647
39.202,-0.0194,-0.0547,-0.2575,-141.22,0.2639
39.236,-0.0198,-0.0552,-0.2573,-141.22,0.2639
39.269,-0.0183,-0.0541,-0.2566,-141.21,0.2629
39.302,-0.0178,-0.0534,-0.2566,-141.22,0.2627
39.336,-0.0177,-0.0530,-0.2567,-141.23,0.2627
39.369,-0.0175,-0.0525,-0.2564,-141.29,0.2623
39.402,-0.0170,-0.0503,-0.2564,-141.30,0.2618
39.436,-0.0169,-0.0493,-0.2561,-141.29,0.2613
39.469,-0.0170,-0.0491,-0.2557,-141.29,0.2610
39.502,-0.0181,-0.0497,-0.2565,-141.30,0.2619
39.536,-0.0191,-0.0503,-0.2579,-141.27,0.2634
39.569,-0.0192,-0.0507,-0.2584,-141.27,0.2640
39.602,-0.0191,-0.0509,-0.2586,-141.27,0.2643
39.636,-0.0191,-0.0510,-0.2590,-141.27,0.2647
39.669,-0.0190,-0.0510,-0.2592,-141.27,0.2649
39.702,-0.0189,-0.0502,-0.2587,-141.27,0.2642
39.736,-0.0189,-0.0500,-0.2585,-141.27,0.2640
39.769,-0.0189,-0.0499,-0.2578,-141.26,0.2633
39.802,-0.0190,-0.0499,-0.2575,-141.26,0.2630
39.836,-0.0189,-0.0507,-0.2574,-141.26,0.2630
39.869,-0.0192,-0.0510,-0.2574,-141.25,0.2631
39.902,-0.0193,-0.0511,-0.2575,-141.24,0.2632
39.936,-0.0193,-0.0510,-0.2576,-141.24,0.2633
39.969,-0.0193,-0.0509,-0.2577,-141.24,0.2634
40.003,-0.0193,-0.0508,-0.2577,-141.23,0.2634
40.036,-0.0187,-0.0510,-0.2593,-141.27,0.2650
40.069,-0.0188,-0.0507,-0.2598,-141.26,0.2654
40.103,-0.0189,-0.0505,-0.2600,-141.25,0.2656
40.136,-0.0190,-0.0505,-0.2596,-141.24,0.2652
40.169,-0.0186,-0.0497,-0.2595,-141.25,0.2649
40.203,-0.0184,-0.0494,-0.2595,-141.25,0.2648
40.236,-0.0183,-0.0492,-0.2595,-141.25,0.2648
40.269,-0.0194,-0.0493,-0.2599,-141.22,0.2652
40.303,-0.0200,-0.0494,-0.2602,-141.20,0.2656
40.336,-0.0200,-0.0496,-0.2604,-141.19,0.2658
40.369,-0.0201,-0.0496,-0.2609,-141.19,0.2663
40.403,-0.0200,-0.0496,-0.2610,-141.20,0.2664
40.436,-0.0199,-0.0498,-0.2611,-141.20,0.2665
40.469,-0.0201,-0.0502,-0.2605,-141.20,0.2660
40.503,-0.0202,-0.0505,-0.2602,-141.20,0.2658
40.536,-0.0202,-0.0506,-0.2601,-141.20,0.2657
40.569,-0.0202,-0.0506,-0.2600,-141.20,0.2657
40.603,-0.0202,-0.0506,-0.2600,-141.20,0.2657
40.636,-0.0202,-0.0506,-0.2600,-141.20,0.2657
40.669,-0.0202,-0.0506,-0.2600,-141.19,0.2657
40.703,-0.0202,-0.0505,-0.2600,-141.19,0.2657
40.736,-0.0202,-0.0505,-0.2601,-141.19,0.2657
40.769,-0.0202,-0.0505,-0.2601,-141.19,0.2657
40.836,-0.0212,-0.0499,-0.2607,-141.16,0.2663
40.869,-0.0215,-0.0497,-0.2606,-141.14,0.2662
40.903,-0.0216,-0.0497,-0.2606,-141.13,0.2662
40.936,-0.0215,-0.0496,-0.2611,-141.14,0.2666
40.969,-0.0215,-0.0495,-0.2610,-141.13,0.2666
41.003,-0.0215,-0.0495,-0.2609,-141.14,0.2665
41.036,-0.0215,-0.0494,-0.2611,-141.14,0.2666
41.069,-0.0215,-0.0494,-0.2612,-141.14,0.2666
41.103,-0.0215,-0.0493,-0.2612,-141.14,0.2666
41.136,-0.0215,-0.0492,-0.2616,-141.14,0.2671
41.169,-0.0214,-0.0491,-0.2618,-141.14,0.2673
41.203,-0.0214,-0.0492,-0.2619,-141.14,0.2673
41.236,-0.0214,-0.0493,-0.2619,-141.14,0.2674
41.269,-0.0214,-0.0493,-0.2619,-141.14,0.2673
41.303,-0.0214,-0.0493,-0.2619,-141.14,0.2673
41.336,-0.0213,-0.0492,-0.2613,-141.14,0.2667
41.369,-0.0213,-0.0492,-0.2610,-141.14,0.2665
41.403,-0.0213,-0.0492,-0.2611,-141.14,0.2666
41.436,-0.0213,-0.0492,-0.2612,-141.14,0.2666
41.469,-0.0214,-0.0492,-0.2610,-141.14,0.2665
41.503,-0.0215,-0.0493,-0.2610,-141.13,0.2664
41.536,-0.0215,-0.0493,-0.2609,-141.13,0.2664
41.569,-0.0215,-0.0493,-0.2609,-141.13,0.2664
41.603,-0.0215,-0.0493,-0.2609,-141.13,0.2664
41.636,-0.0215,-0.0493,-0.2609,-141.13,0.2664
41.669,-0.0215,-0.0493,-0.2609,-141.13,0.2664
41.703,-0.0215,-0.0493,-0.2609,-141.13,0.2664
41.736,-0.0215,-0.0493,-0.2609,-141.13,0.2664
41.769,-0.0215,-0.0493,-0.2609,-141.13,0.2664
41.803,-0.0215,-0.0493,-0.2609,-141.14,0.2664
41.836,-0.0216,-0.0492,-0.2610,-141.13,0.2665
41.869,-0.0217,-0.0491,-0.2609,-141.12,0.2664
41.903,-0.0218,-0.0491,-0.2609,-141.12,0.2664
41.936,-0.0218,-0.0491,-0.2609,-141.12,0.2664
41.969,-0.0218,-0.0491,-0.2609,-141.12,0.2664
42.003,-0.0218,-0.0491,-0.2609,-141.12,0.2663
42.036,-0.0218,-0.0491,-0.2609,-141.12,0.2663
42.069,-0.0218,-0.0491,-0.2608,-141.12,0.2663
42.103,-0.0218,-0.0491,-0.2608,-141.12,0.2663
42.136,-0.0218,-0.0491,-0.2608,-141.12,0.2663
42.169,-0.0218,-0.0491,-0.2608,-141.12,0.2663
42.203,-0.0218,-0.0491,-0.2608,-141.12,0.2663
42.236,-0.0218,-0.0490,-0.2607,-141.11,0.2662
42.269,-0.0219,-0.0490,-0.2607,-141.11,0.2661
42.303,-0.0219,-0.0490,-0.2607,-141.11,0.2661
42.336,-0.0215,-0.0490,-0.2609,-141.13,0.2664
42.402,-0.0216,-0.0493,-0.2610,-141.13,0.2665
42.436,-0.0214,-0.0494,-0.2610,-141.14,0.2665
42.469,-0.0215,-0.0495,-0.2609,-141.13,0.2664
42.503,-0.0216,-0.0495,-0.2608,-141.13,0.2663
42.536,-0.0217,-0.0494,-0.2608,-141.13,0.2663
42.569,-0.0217,-0.0494,-0.2608,-141.13,0.2663
42.602,-0.0217,-0.0494,-0.2608,-141.13,0.2663
42.636,-0.0217,-0.0494,-0.2608,-141.13,0.2663
42.669,-0.0217,-0.0494,-0.2608,-141.13,0.2663
42.703,-0.0217,-0.0494,-0.2608,-141.13,0.2663
42.736,-0.0217,-0.0494,-0.2608,-141.13,0.2663
42.769,-0.0217,-0.0494,-0.2608,-141.13,0.2663
42.803,-0.0217,-0.0494,-0.2608,-141.13,0.2663
42.836,-0.0217,-0.0494,-0.2601,-141.13,0.2656
42.869,-0.0217,-0.0494,-0.2597,-141.12,0.2652
42.903,-0.0217,-0.0494,-0.2595,-141.12,0.2650
42.936,-0.0218,-0.0494,-0.2594,-141.12,0.2650
42.969,-0.0218,-0.0495,-0.2605,-141.13,0.2660
43.003,-0.0217,-0.0493,-0.2609,-141.13,0.2664
43.036,-0.0216,-0.0493,-0.2610,-141.13,0.2665
43.069,-0.0216,-0.0491,-0.2609,-141.13,0.2663
43.103,-0.0216,-0.0490,-0.2609,-141.13,0.2663
43.136,-0.0217,-0.0494,-0.2604,-141.12,0.2659
43.169,-0.0218,-0.0496,-0.2602,-141.12,0.2658
43.203,-0.0218,-0.0497,-0.2602,-141.12,0.2658
43.236,-0.0219,-0.0497,-0.2601,-141.12,0.2657
43.269,-0.0219,-0.0497,-0.2601,-141.12,0.2657
43.303,-0.0219,-0.0497,-0.2601,-141.12,0.2657
43.336,-0.0218,-0.0497,-0.2601,-141.12,0.2657
43.369,-0.0218,-0.0497,-0.2601,-141.12,0.2657
43.403,-0.0219,-0.0493,-0.2600,-141.12,0.2655
43.436,-0.0219,-0.0491,-0.2599,-141.11,0.2654
43.469,-0.0219,-0.0490,-0.2600,-141.11,0.2655
43.503,-0.0219,-0.0490,-0.2600,-141.11,0.2655
43.536,-0.0219,-0.0490,-0.2600,-141.11,0.2655
43.569,-0.0219,-0.0490,-0.2600,-141.11,0.2655
43.603,-0.0219,-0.0491,-0.2602,-141.11,0.2657
43.636,-0.0219,-0.0491,-0.2603,-141.11,0.2658
43.669,-0.0218,-0.0491,-0.2603,-141.11,0.2658
43.703,-0.0218,-0.0491,-0.2611,-141.12,0.2665
43.736,-0.0216,-0.0488,-0.2621,-141.13,0.2675
43.769,-0.0214,-0.0487,-0.2624,-141.13,0.2678
43.803,-0.0214,-0.0484,-0.2624,-141.13,0.2677
43.836,-0.0213,-0.0484,-0.2624,-141.13,0.2677
43.869,-0.0214,-0.0484,-0.2624,-141.13,0.2677
43.903,-0.0214,-0.0484,-0.2624,-141.13,0.2677
43.936,-0.0214,-0.0484,-0.2624,-141.13,0.2676
43.969,-0.0215,-0.0487,-0.2620,-141.13,0.2674
44.003,-0.0216,-0.0488,-0.2618,-141.13,0.2672
44.036,-0.0216,-0.0489,-0.2618,-141.12,0.2672
44.069,-0.0217,-0.0490,-0.2617,-141.12,0.2672
44.103,-0.0217,-0.0490,-0.2617,-141.12,0.2672
44.136,-0.0217,-0.0489,-0.2618,-141.12,0.2672
44.169,-0.0217,-0.0489,-0.2618,-141.12,0.2672
44.203,-0.0216,-0.0489,-0.2618,-141.12,0.2672
44.236,-0.0216,-0.0489,-0.2618,-141.13,0.2672
44.269,-0.0216,-0.0489,-0.2618,-141.13,0.2672
44.303,-0.0216,-0.0489,-0.2618,-141.12,0.2672
44.336,-0.0217,-0.0489,-0.2618,-141.12,0.2672
44.369,-0.0217,-0.0489,-0.2618,-141.12,0.2672
44.403,-0.0218,-0.0490,-0.2618,-141.12,0.2672
44.436,-0.0218,-0.0490,-0.2618,-141.12,0.2672
44.469,-0.0218,-0.0490,-0.2618,-141.12,0.2672
44.503,-0.0218,-0.0490,-0.2618,-141.12,0.2672
44.536,-0.0217,-0.0490,-0.2618,-141.12,0.2672
44.569,-0.0218,-0.0490,-0.2618,-141.12,0.2672
44.603,-0.0217,-0.0490,-0.2618,-141.13,0.2672
44.636,-0.0215,-0.0491,-0.2619,-141.14,0.2673
44.669,-0.0214,-0.0491,-0.2619,-141.14,0.2673
44.703,-0.0214,-0.0491,-0.2619,-141.14,0.2673
44.736,-0.0214,-0.0490,-0.2619,-141.14,0.2673
44.769,-0.0212,-0.0490,-0.2618,-141.15,0.2672
44.803,-0.0212,-0.0489,-0.2616,-141.15,0.2670
44.836,-0.0211,-0.0488,-0.2615,-141.15,0.2668
44.869,-0.0212,-0.0488,-0.2612,-141.15,0.2666
44.903,-0.0211,-0.0489,-0.2611,-141.15,0.2665
44.936,-0.0211,-0.0489,-0.2609,-141.15,0.2663
44.969,-0.0211,-0.0489,-0.2608,-141.15,0.2662
45.003,-0.0211,-0.0490,-0.2608,-141.15,0.2662
45.036,-0.0211,-0.0490,-0.2608,-141.15,0.2662
45.069,-0.0211,-0.0489,-0.2608,-141.15,0.2662
