Time(s),RelAlt(m),Compass_Hdg(deg),EKF_X,EKF_Y,EKF_Z,ZED_X,ZED_Y,ZED_Z,IMU_AccX,IMU_AccY,IMU_AccZ
1787035536.74,0.00,0.00,0.00,0.00,0.00,0.00,0.00,0.00,0.00,0.00,0.00
1787035536.84,0.00,0.00,0.00,0.00,0.00,0.00,0.00,0.00,0.00,0.00,0.00
1787035536.94,0.00,0.00,0.00,0.00,0.00,0.00,0.00,0.00,0.00,0.00,0.00
1787035537.04,0.00,0.00,0.00,0.00,0.00,0.00,0.00,0.00,0.00,0.00,0.00
1787035537.14,0.00,0.00,0.00,0.00,0.00,0.00,0.00,0.00,0.00,0.00,0.00
1787035537.24,0.00,0.00,0.00,0.00,0.00,0.00,0.00,0.00,0.00,0.00,0.00
1787035537.34,0.00,0.00,0.00,0.00,0.00,0.00,0.00,0.00,0.00,0.00,0.00
1787035537.44,0.00,0.00,0.00,0.00,0.00,0.00,0.00,0.00,0.00,0.00,0.00
1787035537.54,0.00,0.00,0.00,0.00,0.00,0.00,0.00,0.00,0.00,0.00,0.00
1787035537.64,0.00,0.00,0.00,0.00,0.00,0.00,0.00,0.00,0.00,0.00,0.00
1787035537.74,0.00,0.00,0.00,0.00,0.00,0.00,0.00,0.00,0.00,0.00,0.00
1787035537.84,0.00,0.00,0.00,0.00,0.00,0.00,0.00,0.00,0.00,0.00,0.00
1787035537.94,0.00,0.00,0.00,0.00,0.00,0.00,0.00,0.00,0.00,0.00,0.00
1787035538.04,0.00,0.00,0.00,0.00,0.00,0.00,0.00,0.00,0.00,0.00,0.00
1787035538.14,0.00,0.00,0.00,0.00,0.00,0.00,0.00,0.00,0.00,0.00,0.00
1787035538.24,0.00,0.00,0.00,0.00,0.00,0.00,0.00,0.00,0.00,0.00,0.00
1787035538.34,0.00,0.00,0.00,0.00,0.00,0.00,0.00,0.00,0.00,0.00,0.00
1787035538.44,0.00,0.00,0.00,0.00,0.00,0.00,0.00,0.00,0.00,0.00,0.00
1787035538.54,0.00,0.00,0.00,0.00,0.00,0.00,0.00,0.00,0.00,0.00,0.00
1787035538.64,0.00,318.96,0.00,0.00,0.00,0.00,0.00,0.00,-0.72,-0.22,9.84
1787035538.74,0.00,318.96,0.00,0.00,0.00,0.00,0.00,0.00,-0.72,-0.22,9.84
1787035538.84,-0.00,319.12,0.00,0.00,0.00,0.00,0.00,0.00,0.00,-0.54,9.82
1787035538.94,-0.00,319.12,0.00,0.00,0.00,0.00,0.00,0.00,0.00,-0.54,9.82
1787035539.04,-0.00,319.12,0.00,0.00,0.00,0.00,0.00,0.00,0.00,-0.54,9.82
1787035539.14,-0.00,317.49,0.00,0.00,0.00,0.00,0.00,0.00,0.07,-0.77,9.70
1787035539.24,-0.00,317.49,0.00,0.00,0.00,0.00,0.00,0.00,0.07,-0.77,9.70
1787035539.34,-0.00,317.49,0.00,0.00,0.00,0.00,0.00,0.00,0.07,-0.77,9.70
1787035539.44,-0.00,317.49,0.00,0.00,0.00,0.00,0.00,0.00,0.07,-0.77,9.70
1787035539.54,-0.00,317.49,0.00,0.00,0.00,0.00,0.00,0.00,0.07,-0.77,9.70
1787035539.64,-0.00,317.49,0.00,0.00,0.00,0.00,0.00,0.00,0.07,-0.77,9.70
1787035539.74,-0.00,316.62,0.00,0.00,0.00,0.00,0.00,0.00,-0.17,-0.68,9.80
1787035539.84,-0.00,316.62,0.00,0.00,0.00,0.00,0.00,0.00,-0.17,-0.68,9.80
1787035539.94,-0.00,316.62,0.00,0.00,0.00,0.00,0.00,0.00,-0.17,-0.68,9.80
1787035540.04,-0.00,316.62,0.00,0.00,0.00,0.00,0.00,0.00,-0.17,-0.68,9.80
1787035540.14,-0.00,316.42,0.00,0.00,0.00,0.00,0.00,0.00,-0.20,-0.83,9.78
1787035540.24,-0.00,316.42,0.00,0.00,0.00,0.00,0.00,0.00,-0.20,-0.83,9.78
1787035540.34,-0.00,316.42,0.00,0.00,0.00,0.00,0.00,0.00,-0.20,-0.83,9.78
1787035540.44,-0.00,316.42,0.00,0.00,0.00,0.00,0.00,0.00,-0.20,-0.83,9.78
1787035540.54,-0.00,316.42,0.00,0.00,0.00,0.00,0.00,0.00,-0.20,-0.83,9.78
1787035540.64,-0.00,316.42,0.00,0.00,0.00,0.00,0.00,0.00,-0.07,-0.68,9.85
1787035540.74,-0.00,313.10,0.00,0.00,0.00,0.00,0.00,0.00,-0.27,-0.68,9.94
1787035540.84,-0.01,312.10,0.00,0.00,0.00,0.04,0.11,0.01,-0.33,-0.69,9.62
1787035540.94,-0.01,347.27,0.19,-0.25,0.01,0.02,0.10,0.02,-0.70,-0.46,9.90
1787035541.05,-0.01,347.27,0.19,-0.25,0.01,0.01,0.10,0.03,-0.70,-0.46,9.90
1787035541.14,-0.00,356.20,0.19,-0.25,0.01,-0.02,0.09,0.04,-0.69,-0.48,9.81
1787035541.24,-0.00,356.20,0.19,-0.25,0.01,-0.03,0.09,0.04,-0.69,-0.48,9.81
1787035541.34,-0.00,356.20,0.19,-0.25,0.01,-0.04,0.08,0.05,-0.69,-0.48,9.81
1787035541.44,-0.01,358.16,-0.49,-0.36,-0.01,-0.05,0.06,0.04,-0.30,-0.80,9.79
1787035541.54,-0.01,358.16,-0.49,-0.36,-0.01,-0.06,0.05,0.04,-0.30,-0.80,9.79
1787035541.64,-0.01,358.16,-0.49,-0.36,-0.01,-0.07,0.05,0.04,-0.30,-0.80,9.79
1787035541.74,-0.01,355.23,-0.55,-0.39,-0.01,-0.07,0.04,0.03,0.05,-0.88,9.76
1787035541.84,-0.00,350.56,-0.37,-0.37,-0.01,-0.07,0.05,0.04,-0.07,-0.81,9.81
1787035541.94,-0.00,350.56,-0.37,-0.37,-0.01,-0.07,0.05,0.04,-0.07,-0.81,9.81
1787035542.04,-0.00,350.56,-0.37,-0.37,-0.01,-0.06,0.06,0.04,-0.07,-0.81,9.81
1787035542.14,-0.00,350.56,-0.37,-0.37,-0.01,-0.06,0.06,0.04,-0.07,-0.81,9.81
1787035542.24,-0.01,347.28,-0.25,-0.35,-0.01,-0.06,0.07,0.04,0.10,-0.82,9.77
1787035542.34,-0.01,347.28,-0.25,-0.35,-0.01,-0.06,0.07,0.04,0.10,-0.82,9.77
1787035542.44,-0.01,347.28,-0.05,-0.33,-0.01,-0.06,0.07,0.03,0.10,-0.82,9.77
1787035542.54,-0.01,347.28,-0.05,-0.33,-0.01,-0.06,0.07,0.03,0.10,-0.82,9.77
1787035542.64,-0.00,324.39,0.09,-0.29,-0.01,-0.06,0.07,0.03,-0.03,-0.66,9.87
1787035542.74,-0.00,324.39,0.09,-0.29,-0.01,-0.06,0.07,0.02,-0.03,-0.66,9.87
1787035542.84,-0.00,320.19,0.19,-0.27,-0.01,-0.06,0.07,0.02,-0.36,-0.55,9.84
1787035542.94,-0.00,320.19,0.19,-0.27,-0.01,-0.06,0.08,0.02,-0.36,-0.55,9.84
1787035543.04,-0.00,320.19,0.19,-0.27,-0.01,-0.06,0.08,0.02,-0.36,-0.55,9.84
1787035543.14,-0.00,320.19,0.19,-0.27,-0.01,-0.06,0.08,0.02,-0.36,-0.55,9.84
1787035543.24,-0.00,320.19,0.19,-0.27,-0.01,-0.06,0.08,0.02,-0.36,-0.55,9.84
1787035543.34,-0.00,320.19,0.19,-0.27,-0.01,-0.06,0.07,0.03,-0.36,-0.55,9.84
1787035543.44,-0.00,320.19,0.19,-0.27,-0.01,-0.06,0.07,0.03,-0.36,-0.55,9.84
1787035543.54,-0.00,320.19,0.19,-0.27,-0.01,-0.07,0.07,0.02,-0.36,-0.55,9.84
1787035543.64,-0.00,320.19,0.19,-0.27,-0.01,-0.07,0.07,0.02,-0.36,-0.55,9.84
1787035543.74,-0.00,320.19,0.19,-0.27,-0.01,-0.07,0.07,0.02,-0.36,-0.55,9.84
1787035543.84,-0.01,304.73,0.41,-0.14,-0.00,-0.07,0.08,0.02,-0.23,-0.61,9.79
1787035543.94,-0.01,304.73,0.41,-0.14,-0.00,-0.08,0.08,0.02,-0.23,-0.61,9.79
1787035544.04,-0.01,304.73,0.41,-0.14,-0.00,-0.09,0.08,0.03,-0.23,-0.61,9.79
1787035544.14,-0.01,304.73,0.41,-0.14,-0.00,-0.07,0.08,0.03,-0.23,-0.61,9.79
1787035544.24,-0.01,304.73,0.41,-0.14,-0.00,-0.06,0.09,0.04,-0.23,-0.61,9.79
1787035544.34,-0.01,304.73,0.41,-0.14,-0.00,-0.07,0.09,0.04,-0.23,-0.61,9.79
1787035544.44,-0.01,304.73,0.41,-0.14,-0.00,-0.07,0.09,0.04,-0.23,-0.61,9.79
1787035544.54,-0.01,304.73,0.41,-0.14,-0.00,-0.08,0.10,0.04,-0.23,-0.61,9.79
1787035544.64,-0.01,304.73,0.41,-0.14,-0.00,-0.09,0.10,0.04,-0.23,-0.61,9.79
1787035544.74,-0.01,304.73,0.41,-0.14,-0.00,-0.09,0.10,0.03,-0.23,-0.61,9.79
1787035544.84,-0.01,294.21,0.38,0.01,-0.00,-0.09,0.09,0.03,-0.22,-0.79,9.78
1787035544.94,-0.01,294.21,0.38,0.01,-0.00,-0.10,0.09,0.03,-0.22,-0.79,9.78
1787035545.04,-0.01,294.21,0.38,0.01,-0.00,-0.10,0.09,0.03,-0.22,-0.79,9.78
1787035545.14,-0.01,294.21,0.38,0.01,-0.00,-0.10,0.08,0.02,-0.22,-0.79,9.78
1787035545.24,-0.01,294.21,0.38,0.01,-0.00,-0.10,0.08,0.02,-0.22,-0.79,9.78
1787035545.34,-0.01,294.21,0.38,0.01,-0.00,-0.10,0.07,0.02,-0.22,-0.79,9.78
1787035545.44,-0.01,294.21,0.38,0.01,-0.00,-0.10,0.06,0.02,-0.22,-0.79,9.78
1787035545.54,-0.01,294.21,0.38,0.01,-0.00,-0.11,0.05,0.02,-0.22,-0.79,9.78
1787035545.64,-0.01,294.21,0.38,0.01,-0.00,-0.11,0.05,0.02,-0.22,-0.79,9.78
1787035545.74,-0.01,294.21,0.38,0.01,-0.00,-0.11,0.04,0.02,-0.22,-0.79,9.78
1787035545.84,-0.01,290.47,0.29,0.04,-0.00,-0.11,0.04,0.02,-0.10,-0.92,9.74
1787035545.94,-0.01,290.47,0.29,0.04,-0.00,-0.11,0.04,0.02,-0.10,-0.92,9.74
1787035546.04,-0.01,290.47,0.29,0.04,-0.00,-0.11,0.03,0.02,-0.10,-0.92,9.74
1787035546.14,-0.01,290.47,0.29,0.04,-0.00,-0.11,0.03,0.02,-0.10,-0.92,9.74
1787035546.24,-0.01,290.47,0.29,0.04,-0.00,-0.11,0.03,0.02,-0.10,-0.92,9.74
1787035546.34,-0.01,290.47,0.29,0.04,-0.00,-0.10,0.03,0.02,-0.10,-0.92,9.74
1787035546.44,-0.01,290.47,0.29,0.04,-0.00,-0.10,0.02,0.02,-0.10,-0.92,9.74
1787035546.54,-0.01,290.47,0.29,0.04,-0.00,-0.10,0.03,0.02,-0.10,-0.92,9.74
1787035546.64,-0.00,285.58,0.27,-0.03,-0.00,-0.10,0.02,0.02,-0.40,-0.78,9.67
1787035546.74,-0.00,285.58,0.27,-0.03,-0.00,-0.10,0.02,0.02,-0.40,-0.78,9.67
1787035546.84,-0.01,283.95,0.27,-0.05,0.00,-0.10,0.02,0.02,-0.33,-1.08,9.73
1787035546.94,-0.01,283.95,0.27,-0.05,0.00,-0.10,0.02,0.02,-0.33,-1.08,9.73
1787035547.04,-0.01,283.95,0.27,-0.05,0.00,-0.10,0.03,0.03,-0.33,-1.08,9.73
1787035547.14,-0.01,281.68,0.27,-0.06,0.00,-0.09,0.03,0.03,-0.37,-0.84,9.80
1787035547.24,-0.01,281.68,0.27,-0.06,0.00,-0.09,0.03,0.03,-0.37,-0.84,9.80
1787035547.34,-0.00,279.37,0.28,-0.07,-0.00,-0.09,0.04,0.03,-0.25,-0.91,9.79
1787035547.44,-0.00,279.37,0.28,-0.07,-0.00,-0.09,0.04,0.03,-0.25,-0.91,9.79
1787035547.54,-0.00,279.37,0.28,-0.07,-0.00,-0.09,0.04,0.03,-0.25,-0.91,9.79
1787035547.64,-0.00,277.51,0.28,-0.05,-0.00,-0.09,0.04,0.03,-0.22,-0.93,9.76
1787035547.74,-0.00,277.51,0.28,-0.05,-0.00,-0.09,0.04,0.03,-0.22,-0.93,9.76
1787035547.84,-0.01,275.81,0.29,-0.03,-0.00,-0.09,0.04,0.03,-0.30,-0.84,9.79
1787035547.94,-0.01,275.81,0.29,-0.03,-0.00,-0.08,0.04,0.03,-0.30,-0.84,9.79
1787035548.04,-0.01,275.81,0.29,-0.03,-0.00,-0.08,0.04,0.03,-0.30,-0.84,9.79
1787035548.14,-0.00,273.34,0.29,-0.00,-0.00,-0.08,0.04,0.03,-0.30,-0.73,9.74
1787035548.24,-0.00,273.34,0.29,-0.00,-0.00,-0.08,0.05,0.03,-0.30,-0.73,9.74
1787035548.34,-0.01,270.53,0.29,0.03,-0.00,-0.08,0.05,0.03,-0.25,-0.86,9.75
1787035548.44,-0.01,270.53,0.29,0.03,-0.00,-0.08,0.05,0.03,-0.25,-0.86,9.75
1787035548.54,-0.01,270.53,0.29,0.03,-0.00,-0.08,0.05,0.03,-0.25,-0.86,9.75
1787035548.64,-0.01,268.80,0.30,0.06,-0.00,-0.08,0.05,0.03,-0.22,-0.89,9.71
1787035548.74,-0.01,268.80,0.30,0.06,-0.00,-0.08,0.04,0.03,-0.22,-0.89,9.71
1787035548.84,-0.00,267.46,0.30,0.09,-0.01,-0.08,0.04,0.03,-0.29,-0.76,9.75
1787035548.94,-0.00,267.46,0.30,0.09,-0.01,-0.08,0.04,0.03,-0.29,-0.76,9.75
1787035549.04,-0.00,267.46,0.30,0.09,-0.01,-0.08,0.04,0.02,-0.29,-0.76,9.75
1787035549.14,-0.01,265.12,0.30,0.11,-0.00,-0.08,0.04,0.02,-0.32,-0.75,9.80
1787035549.24,-0.01,265.12,0.30,0.11,-0.00,-0.07,0.05,0.02,-0.32,-0.75,9.80
1787035549.34,-0.01,262.44,0.30,0.13,-0.00,-0.07,0.05,0.02,-0.67,-0.87,9.77
1787035549.44,-0.01,262.44,0.30,0.13,-0.00,-0.07,0.05,0.02,-0.67,-0.87,9.77
1787035549.54,-0.01,262.44,0.30,0.13,-0.00,-0.06,0.05,0.03,-0.67,-0.87,9.77
1787035549.64,-0.01,258.34,0.32,0.15,-0.00,-0.05,0.05,0.03,-0.77,-0.52,9.79
1787035549.74,-0.01,258.34,0.32,0.15,-0.00,-0.04,0.06,0.04,-0.77,-0.52,9.79
1787035549.84,-0.00,252.70,0.33,0.18,0.00,-0.04,0.07,0.04,-0.36,-0.54,10.03
1787035549.94,-0.00,252.70,0.33,0.18,0.00,-0.05,0.09,0.04,-0.36,-0.54,10.03
1787035550.04,-0.00,252.70,0.33,0.18,0.00,-0.05,0.10,0.04,-0.36,-0.54,10.03
1787035550.14,-0.01,251.49,0.33,0.21,0.01,-0.05,0.11,0.04,-0.33,-0.27,10.34
1787035550.24,-0.01,251.49,0.33,0.21,0.01,-0.06,0.11,0.03,-0.33,-0.27,10.34
1787035550.34,-0.01,255.18,0.29,0.26,0.00,-0.08,0.12,0.02,-0.35,0.05,9.59
1787035550.44,-0.01,255.18,0.29,0.26,0.00,-0.08,0.12,0.02,-0.35,0.05,9.59
1787035550.54,-0.01,255.18,0.29,0.26,0.00,-0.08,0.12,0.02,-0.35,0.05,9.59
1787035550.64,-0.00,258.40,0.27,0.30,-0.00,-0.08,0.12,0.02,-1.42,0.12,9.65
1787035550.74,-0.00,258.40,0.27,0.30,-0.00,-0.06,0.10,0.03,-1.42,0.12,9.65
1787035550.84,-0.01,259.67,0.26,0.31,-0.01,-0.04,0.09,0.04,-0.95,0.04,10.54
1787035550.94,-0.01,259.67,0.26,0.31,-0.01,-0.02,0.09,0.06,-0.95,0.04,10.54
1787035551.04,-0.01,259.67,0.26,0.31,-0.01,-0.02,0.10,0.06,-0.95,0.04,10.54
1787035551.14,-0.00,264.66,0.27,0.29,-0.02,-0.03,0.09,0.06,-0.25,-0.04,10.43
1787035551.24,-0.00,264.66,0.27,0.29,-0.02,-0.03,0.09,0.06,-0.25,-0.04,10.43
1787035551.34,-0.01,266.76,0.29,0.25,-0.02,-0.03,0.09,0.06,-0.67,-0.24,9.89
1787035551.44,-0.01,266.76,0.29,0.25,-0.02,-0.03,0.10,0.06,-0.67,-0.24,9.89
1787035551.54,-0.01,266.76,0.29,0.25,-0.02,-0.03,0.10,0.06,-0.67,-0.24,9.89
1787035551.64,-0.01,263.49,0.29,0.20,-0.02,-0.02,0.11,0.06,-0.10,-0.31,9.86
1787035551.74,-0.01,263.49,0.29,0.20,-0.02,-0.04,0.11,0.06,-0.10,-0.31,9.86
1787035551.84,-0.01,266.05,0.25,0.15,-0.02,-0.04,0.11,0.06,0.31,-0.33,9.54
1787035551.94,-0.01,266.05,0.25,0.15,-0.02,0.10,0.14,0.06,0.31,-0.33,9.54
1787035552.04,-0.01,266.05,0.25,0.15,-0.02,0.10,0.14,0.06,0.31,-0.33,9.54
1787035552.14,-0.01,272.98,0.21,0.13,-0.03,0.05,0.14,0.07,-0.43,-0.91,9.29
1787035552.24,-0.01,272.98,0.21,0.13,-0.03,0.05,0.13,0.07,-0.43,-0.91,9.29
1787035552.34,-0.01,276.18,0.19,0.13,-0.03,-0.01,0.09,0.08,-0.16,-0.51,9.84
1787035552.44,-0.01,276.18,0.19,0.13,-0.03,-0.05,0.05,0.11,-0.16,-0.51,9.84
1787035552.54,-0.01,276.18,0.19,0.13,-0.03,0.11,0.09,0.12,-0.16,-0.51,9.84
1787035552.64,-0.01,273.62,0.17,0.13,-0.03,0.11,0.09,0.12,0.53,-0.64,9.55
1787035552.74,-0.01,273.62,0.17,0.13,-0.03,0.11,0.09,0.12,0.53,-0.64,9.55
1787035552.84,-0.01,272.85,0.12,0.13,-0.03,0.11,0.09,0.12,-0.12,-1.08,9.94
1787035552.94,-0.01,272.85,0.12,0.13,-0.03,0.12,0.09,0.12,-0.12,-1.08,9.94
1787035553.04,-0.01,272.85,0.12,0.13,-0.03,0.12,0.09,0.12,-0.12,-1.08,9.94
1787035553.14,-0.01,271.18,0.08,0.13,-0.02,0.12,0.12,0.14,-0.32,-0.09,9.67
1787035553.24,-0.01,271.18,0.08,0.13,-0.02,0.12,0.12,0.14,-0.32,-0.09,9.67
1787035553.34,-0.00,267.05,0.07,0.13,-0.01,0.12,0.12,0.14,0.39,-0.01,9.81
1787035553.44,-0.00,267.05,0.07,0.13,-0.01,0.12,0.12,0.14,0.39,-0.01,9.81
1787035553.54,-0.00,267.05,0.07,0.13,-0.01,-0.02,0.09,0.11,0.39,-0.01,9.81
1787035553.64,-0.01,268.61,0.06,0.11,-0.00,-0.03,0.09,0.11,0.94,0.21,9.70
1787035553.74,-0.01,268.61,0.06,0.11,-0.00,-0.03,0.09,0.11,0.94,0.21,9.70
1787035553.84,-0.00,270.78,0.04,0.10,0.00,-0.03,0.10,0.11,0.72,-0.44,9.77
1787035553.94,-0.00,270.78,0.04,0.10,0.00,-0.03,0.09,0.12,0.72,-0.44,9.77
1787035554.04,-0.00,270.78,0.04,0.10,0.00,-0.03,0.09,0.12,0.72,-0.44,9.77
1787035554.14,-0.01,268.31,0.09,0.10,0.00,-0.01,0.08,0.13,0.32,-1.11,9.61
1787035554.24,-0.01,268.31,0.09,0.10,0.00,-0.01,0.08,0.13,0.32,-1.11,9.61
1787035554.34,-0.00,267.57,0.17,0.09,-0.00,-0.01,0.08,0.13,0.43,-0.42,9.66
1787035554.44,-0.00,267.57,0.17,0.09,-0.00,-0.01,0.08,0.13,0.43,-0.42,9.66
1787035554.54,-0.00,267.57,0.17,0.09,-0.00,-0.01,0.06,0.12,0.43,-0.42,9.66
1787035554.64,-0.01,267.99,0.22,0.09,-0.00,-0.01,0.06,0.12,0.36,-1.03,9.68
1787035554.74,-0.01,267.99,0.22,0.09,-0.00,-0.01,0.06,0.11,0.36,-1.03,9.68
1787035554.84,-0.01,271.16,0.27,0.08,-0.01,-0.01,0.06,0.11,0.74,0.29,9.40
1787035554.94,-0.01,271.16,0.27,0.08,-0.01,-0.01,0.06,0.12,0.74,0.29,9.40
1787035555.04,-0.01,271.16,0.27,0.08,-0.01,0.03,0.02,0.10,0.74,0.29,9.40
1787035555.14,-0.01,275.08,0.31,0.07,-0.01,0.05,0.02,0.11,0.30,-0.51,10.01
1787035555.24,-0.01,275.08,0.31,0.07,-0.01,0.07,0.02,0.12,0.30,-0.51,10.01
1787035555.34,-0.01,276.74,0.35,0.05,-0.01,0.07,0.02,0.12,0.68,-0.73,9.82
1787035555.44,-0.01,276.74,0.35,0.05,-0.01,0.07,0.02,0.12,0.68,-0.73,9.82
1787035555.54,-0.01,276.74,0.35,0.05,-0.01,0.08,0.02,0.12,0.68,-0.73,9.82
1787035555.64,-0.01,274.94,0.37,0.03,-0.02,0.08,0.02,0.11,0.66,-0.85,9.74
1787035555.74,-0.01,274.94,0.37,0.03,-0.02,-0.09,-0.03,0.01,0.66,-0.85,9.74
1787035555.84,-0.01,273.26,0.39,0.01,-0.01,-0.09,-0.03,0.01,-0.16,-0.31,10.26
1787035555.94,-0.01,273.26,0.39,0.01,-0.01,-0.09,-0.03,0.01,-0.16,-0.31,10.26
1787035556.04,-0.01,273.26,0.39,0.01,-0.01,-0.09,-0.03,0.01,-0.16,-0.31,10.26
1787035556.14,-0.01,273.52,0.43,-0.03,-0.02,-0.09,-0.02,0.02,0.34,0.30,9.49
1787035556.24,-0.01,273.52,0.43,-0.03,-0.02,-0.09,-0.02,0.02,0.34,0.30,9.49
1787035556.34,-0.01,272.31,0.43,-0.03,-0.02,-0.09,-0.02,0.03,0.86,-0.38,9.53
1787035556.44,-0.01,272.31,0.43,-0.03,-0.02,-0.09,-0.02,0.03,0.86,-0.38,9.53
1787035556.54,-0.01,272.31,0.43,-0.03,-0.02,-0.07,-0.02,0.03,0.86,-0.38,9.53
1787035556.64,-0.01,276.45,0.51,-0.08,-0.00,-0.07,-0.02,0.03,0.86,-0.38,9.53
1787035556.74,-0.01,276.45,0.51,-0.08,-0.00,-0.06,-0.02,0.05,0.86,-0.38,9.53
1787035556.84,-0.00,275.59,0.54,-0.09,-0.01,-0.12,-0.03,0.04,0.55,-0.45,9.58
1787035556.94,-0.00,275.59,0.54,-0.09,-0.01,-0.19,-0.06,-0.01,0.55,-0.45,9.58
1787035557.04,-0.00,275.59,0.54,-0.09,-0.01,-0.22,-0.06,-0.03,0.55,-0.45,9.58
1787035557.14,-0.00,273.80,0.54,-0.10,-0.01,-0.21,-0.06,-0.02,0.76,-0.58,9.53
1787035557.24,-0.00,273.80,0.54,-0.10,-0.01,-0.21,-0.06,-0.02,0.76,-0.58,9.53
1787035557.34,-0.01,279.02,0.54,-0.11,-0.01,-0.22,-0.06,-0.02,0.39,-0.38,9.78
1787035557.44,-0.01,279.02,0.54,-0.11,-0.01,-0.05,-0.04,0.01,0.39,-0.38,9.78
1787035557.54,-0.01,279.02,0.54,-0.11,-0.01,0.29,0.02,0.00,0.39,-0.38,9.78
1787035557.64,-0.01,282.93,0.53,-0.14,-0.01,0.29,0.02,0.00,0.39,-0.38,9.78
1787035557.74,-0.01,282.93,0.53,-0.14,-0.01,0.29,0.02,0.00,0.39,-0.38,9.78
1787035557.84,-0.01,286.30,0.52,-0.16,0.00,0.29,0.02,0.00,0.35,0.00,9.92
1787035557.94,-0.01,286.30,0.52,-0.16,0.00,0.29,0.02,0.00,0.35,0.00,9.92
1787035558.04,-0.01,286.30,0.52,-0.16,0.00,0.26,0.00,-0.02,0.35,0.00,9.92
1787035558.14,-0.01,291.45,0.51,-0.19,-0.00,0.25,-0.00,-0.02,0.87,0.35,9.16
1787035558.24,-0.01,291.45,0.51,-0.19,-0.00,0.24,0.02,-0.01,0.87,0.35,9.16
1787035558.34,-0.01,296.56,0.50,-0.19,-0.01,0.24,0.08,-0.02,0.55,-0.57,9.02
1787035558.44,-0.01,296.56,0.50,-0.19,-0.01,0.23,0.09,-0.02,0.55,-0.57,9.02
1787035558.54,-0.01,296.56,0.50,-0.19,-0.01,0.21,0.09,-0.02,0.55,-0.57,9.02
1787035558.64,-0.01,298.85,0.49,-0.16,-0.01,0.20,0.09,-0.03,0.41,-0.61,9.31
1787035558.74,-0.01,298.85,0.49,-0.16,-0.01,0.18,0.07,-0.04,0.41,-0.61,9.31
1787035558.84,-0.00,298.36,0.46,-0.12,-0.02,0.18,0.07,-0.04,0.66,-0.81,9.53
1787035558.94,-0.00,298.36,0.46,-0.12,-0.02,0.10,0.06,-0.06,0.66,-0.81,9.53
1787035559.04,-0.00,298.36,0.46,-0.12,-0.02,0.09,0.06,-0.07,0.66,-0.81,9.53
1787035559.14,-0.01,297.80,0.42,-0.08,-0.01,0.13,0.07,-0.07,0.35,-0.21,10.27
1787035559.24,-0.01,297.80,0.42,-0.08,-0.01,0.13,0.07,-0.07,0.35,-0.21,10.27
1787035559.34,-0.01,296.21,0.42,-0.08,-0.01,0.13,0.07,-0.07,0.55,-0.21,9.71
1787035559.44,-0.01,296.21,0.42,-0.08,-0.01,0.13,0.07,-0.07,0.55,-0.21,9.71
1787035559.54,-0.01,296.21,0.42,-0.08,-0.01,0.13,0.06,-0.07,0.55,-0.21,9.71
1787035559.64,-0.01,295.33,0.36,-0.02,0.00,0.12,0.07,-0.08,1.20,-0.20,9.41
1787035559.74,-0.01,295.33,0.36,-0.02,0.00,0.13,0.07,-0.08,1.20,-0.20,9.41
1787035559.84,-0.01,295.71,0.35,0.01,-0.00,0.13,0.07,-0.09,0.79,0.20,9.40
1787035559.94,-0.01,295.71,0.35,0.01,-0.00,0.14,0.07,-0.10,0.79,0.20,9.40
1787035560.04,-0.01,295.71,0.35,0.01,-0.00,0.14,0.07,-0.11,0.79,0.20,9.40
1787035560.14,-0.01,296.00,0.35,0.02,-0.01,0.14,0.07,-0.11,0.62,-0.01,9.37
1787035560.24,-0.01,296.00,0.35,0.02,-0.01,0.14,0.07,-0.11,0.62,-0.01,9.37
1787035560.34,-0.01,295.06,0.37,0.02,-0.01,0.15,0.06,-0.11,-0.06,0.58,9.93
1787035560.44,-0.01,295.06,0.37,0.02,-0.01,0.13,0.07,-0.10,-0.06,0.58,9.93
1787035560.54,-0.01,295.06,0.37,0.02,-0.01,0.09,0.13,-0.07,-0.06,0.58,9.93
1787035560.64,-0.00,297.69,0.39,0.03,0.00,0.09,0.12,-0.07,0.76,0.13,10.00
1787035560.74,-0.00,297.69,0.39,0.03,0.00,0.09,0.12,-0.09,0.76,0.13,10.00
1787035560.84,-0.00,300.86,0.40,0.05,0.00,0.10,0.11,-0.09,0.35,0.15,9.60
1787035560.94,-0.00,300.86,0.40,0.05,0.00,0.10,0.11,-0.11,0.35,0.15,9.60
1787035561.04,-0.00,300.86,0.40,0.05,0.00,0.11,0.10,-0.11,0.35,0.15,9.60
1787035561.14,-0.00,302.70,0.41,0.07,0.00,0.03,0.09,-0.12,0.24,-1.10,10.29
1787035561.24,-0.00,302.70,0.41,0.07,0.00,0.03,0.09,-0.12,0.24,-1.10,10.29
1787035561.34,-0.00,307.08,0.40,0.06,0.00,0.17,0.08,-0.13,0.72,0.10,9.62
1787035561.44,-0.00,307.08,0.40,0.06,0.00,0.20,0.09,-0.13,0.72,0.10,9.62
1787035561.54,-0.00,307.08,0.40,0.06,0.00,0.23,0.09,-0.12,0.72,0.10,9.62
1787035561.64,-0.01,310.03,0.39,0.03,-0.01,0.23,0.08,-0.07,0.89,-0.44,9.19
1787035561.74,-0.01,310.03,0.39,0.03,-0.01,0.26,0.09,-0.08,0.89,-0.44,9.19
1787035561.84,-0.01,310.55,0.39,0.00,-0.01,0.26,0.09,-0.08,0.96,-0.76,9.81
1787035561.94,-0.01,310.55,0.39,0.00,-0.01,0.27,0.10,-0.11,0.96,-0.76,9.81
1787035562.04,-0.01,310.55,0.39,0.00,-0.01,0.27,0.10,-0.12,0.96,-0.76,9.81
1787035562.14,-0.01,313.31,0.38,-0.03,-0.01,0.33,0.12,-0.17,1.05,-0.56,9.84
1787035562.24,-0.01,313.31,0.38,-0.03,-0.01,0.35,0.11,-0.19,1.05,-0.56,9.84
1787035562.34,-0.01,314.32,0.40,-0.04,-0.00,0.37,0.09,-0.21,0.25,-1.25,9.97
1787035562.44,-0.01,314.32,0.40,-0.04,-0.00,0.37,0.09,-0.21,0.25,-1.25,9.97
1787035562.54,-0.01,314.32,0.40,-0.04,-0.00,0.37,0.10,-0.21,0.25,-1.25,9.97
1787035562.64,-0.00,312.89,0.43,-0.06,-0.00,0.38,0.06,-0.21,0.26,0.01,9.83
1787035562.74,-0.00,312.89,0.43,-0.06,-0.00,0.37,0.04,-0.21,0.26,0.01,9.83
1787035562.84,-0.01,314.51,0.47,-0.09,-0.00,0.36,0.04,-0.21,0.39,-0.16,9.76
1787035562.94,-0.01,314.51,0.47,-0.09,-0.00,0.36,0.07,-0.19,0.39,-0.16,9.76
1787035563.04,-0.01,314.51,0.47,-0.09,-0.00,0.36,0.08,-0.18,0.39,-0.16,9.76
1787035563.14,-0.01,317.90,0.52,-0.12,-0.00,0.38,0.07,-0.18,0.36,-0.98,9.42
1787035563.24,-0.01,317.90,0.52,-0.12,-0.00,0.37,0.06,-0.18,0.36,-0.98,9.42
1787035563.34,-0.01,321.26,0.53,-0.14,-0.01,0.37,0.06,-0.18,0.69,-0.36,9.54
1787035563.44,-0.01,321.26,0.53,-0.14,-0.01,0.36,0.06,-0.18,0.69,-0.36,9.54
1787035563.54,-0.01,321.26,0.53,-0.14,-0.01,0.37,0.08,-0.17,0.69,-0.36,9.54
1787035563.64,-0.00,323.69,0.54,-0.17,0.00,0.37,0.08,-0.16,0.44,-0.93,9.88
1787035563.74,-0.00,323.69,0.54,-0.17,0.00,0.38,0.10,-0.16,0.44,-0.93,9.88
1787035563.84,-0.00,323.35,0.54,-0.17,0.00,0.38,0.10,-0.16,0.54,-1.01,9.06
1787035563.94,-0.00,323.35,0.54,-0.17,0.00,0.37,0.10,-0.15,0.54,-1.01,9.06
1787035564.04,-0.00,323.35,0.54,-0.17,0.00,0.37,0.10,-0.15,0.54,-1.01,9.06
1787035564.14,-0.01,323.13,0.52,-0.17,-0.00,0.37,0.09,-0.15,0.33,-0.14,9.55
1787035564.24,-0.01,323.13,0.52,-0.17,-0.00,0.36,0.09,-0.15,0.33,-0.14,9.55
1787035564.34,-0.01,327.14,0.49,-0.17,-0.00,0.36,0.10,-0.14,0.67,-0.03,9.75
1787035564.44,-0.01,327.14,0.49,-0.17,-0.00,0.36,0.10,-0.14,0.67,-0.03,9.75
1787035564.54,-0.01,327.14,0.49,-0.17,-0.00,0.37,0.09,-0.15,0.67,-0.03,9.75
1787035564.64,-0.01,331.52,0.47,-0.18,-0.00,0.37,0.09,-0.15,0.28,-1.07,9.43
1787035564.74,-0.01,331.52,0.47,-0.18,-0.00,0.37,0.09,-0.15,0.28,-1.07,9.43
1787035564.84,-0.01,330.03,0.44,-0.18,-0.00,0.37,0.09,-0.14,0.71,-0.60,9.64
1787035564.94,-0.01,330.03,0.44,-0.18,-0.00,0.37,0.10,-0.14,0.71,-0.60,9.64
1787035565.04,-0.01,330.03,0.44,-0.18,-0.00,0.37,0.10,-0.14,0.71,-0.60,9.64
1787035565.14,-0.01,328.50,0.41,-0.16,-0.02,0.42,0.12,-0.16,0.82,-0.64,9.71
1787035565.24,-0.01,328.50,0.41,-0.16,-0.02,0.45,0.12,-0.17,0.82,-0.64,9.71
1787035565.34,-0.01,328.22,0.40,-0.16,-0.02,0.50,0.09,-0.17,-0.07,-1.08,9.75
1787035565.44,-0.01,328.22,0.40,-0.16,-0.02,0.50,0.09,-0.17,-0.07,-1.08,9.75
1787035565.54,-0.01,328.22,0.40,-0.16,-0.02,0.50,0.09,-0.18,-0.07,-1.08,9.75
1787035565.64,-0.01,328.89,0.41,-0.17,-0.02,0.50,0.09,-0.18,-0.05,-0.92,10.05
1787035565.74,-0.01,328.89,0.41,-0.17,-0.02,0.45,0.06,-0.18,-0.05,-0.92,10.05
1787035565.84,-0.00,334.02,0.42,-0.19,-0.02,0.45,0.07,-0.19,0.71,-0.04,9.89
1787035565.94,-0.00,334.02,0.42,-0.19,-0.02,0.45,0.06,-0.19,0.71,-0.04,9.89
1787035566.04,-0.00,334.02,0.42,-0.19,-0.02,0.45,0.06,-0.19,0.71,-0.04,9.89
1787035566.14,-0.00,337.13,0.44,-0.24,-0.02,0.45,0.06,-0.19,-0.16,-1.66,9.17
1787035566.24,-0.00,337.13,0.44,-0.24,-0.02,0.45,0.07,-0.19,-0.16,-1.66,9.17
1787035566.34,-0.01,335.36,0.46,-0.28,-0.01,0.48,0.09,-0.18,-0.09,-1.24,9.90
1787035566.44,-0.01,335.36,0.46,-0.28,-0.01,0.49,0.10,-0.18,-0.09,-1.24,9.90
1787035566.54,-0.01,335.36,0.46,-0.28,-0.01,0.50,0.12,-0.18,-0.09,-1.24,9.90
1787035566.64,-0.01,332.23,0.47,-0.29,0.01,0.50,0.12,-0.18,0.17,-0.78,9.78
1787035566.74,-0.01,332.23,0.47,-0.29,0.01,0.50,0.12,-0.18,0.17,-0.78,9.78
1787035566.84,-0.00,338.17,0.47,-0.29,-0.00,0.50,0.12,-0.18,-0.10,0.01,9.50
1787035566.94,-0.00,338.17,0.47,-0.29,-0.00,0.45,0.16,-0.17,-0.10,0.01,9.50
1787035567.04,-0.00,338.17,0.47,-0.29,-0.00,0.30,0.36,-0.23,-0.10,0.01,9.50
1787035567.14,-0.01,342.55,0.48,-0.31,-0.00,0.30,0.36,-0.23,-0.96,-1.26,10.69
1787035567.24,-0.01,342.55,0.48,-0.31,-0.00,0.30,0.36,-0.23,-0.96,-1.26,10.69
1787035567.34,-0.01,350.58,0.48,-0.29,0.01,0.31,0.33,-0.22,0.35,-0.46,10.16
1787035567.44,-0.01,350.58,0.48,-0.29,0.01,0.32,0.30,-0.20,0.35,-0.46,10.16
1787035567.54,-0.01,350.58,0.48,-0.29,0.01,0.30,0.31,-0.20,0.35,-0.46,10.16
1787035567.64,-0.01,353.19,0.46,-0.22,0.01,0.29,0.31,-0.21,0.69,-1.27,9.43
1787035567.74,-0.01,353.19,0.46,-0.22,0.01,0.29,0.31,-0.21,0.69,-1.27,9.43
1787035567.84,-0.01,354.77,0.43,-0.18,0.01,0.44,0.19,-0.16,-0.09,-0.91,9.14
1787035567.94,-0.01,354.77,0.43,-0.18,0.01,0.44,0.19,-0.15,-0.09,-0.91,9.14
1787035568.04,-0.01,354.77,0.43,-0.18,0.01,0.44,0.19,-0.15,-0.09,-0.91,9.14
1787035568.14,-0.00,359.09,0.38,-0.18,-0.00,0.43,0.18,-0.16,-0.14,-0.13,9.39
1787035568.24,-0.00,359.09,0.38,-0.18,-0.00,0.43,0.18,-0.15,-0.14,-0.13,9.39
1787035568.34,-0.00,3.85,0.35,-0.23,-0.01,0.44,0.12,-0.14,0.00,-0.89,9.91
1787035568.44,-0.00,3.85,0.35,-0.23,-0.01,0.43,0.11,-0.15,0.00,-0.89,9.91
1787035568.54,-0.00,3.85,0.35,-0.23,-0.01,0.43,0.08,-0.16,0.00,-0.89,9.91
1787035568.64,-0.00,7.47,0.32,-0.29,-0.01,0.43,0.08,-0.16,0.00,-0.89,9.91
1787035568.74,-0.00,7.47,0.32,-0.29,-0.01,0.43,0.08,-0.17,0.00,-0.89,9.91
1787035568.84,-0.01,8.86,0.27,-0.34,-0.01,0.43,0.09,-0.17,-0.05,-0.38,9.78
1787035568.94,-0.01,8.86,0.27,-0.34,-0.01,0.43,0.10,-0.17,-0.05,-0.38,9.78
1787035569.04,-0.01,8.86,0.27,-0.34,-0.01,0.43,0.10,-0.16,-0.05,-0.38,9.78
1787035569.14,-0.00,8.24,0.22,-0.37,-0.01,0.43,0.11,-0.16,-0.12,-1.00,9.82
1787035569.24,-0.00,8.24,0.22,-0.37,-0.01,0.43,0.11,-0.16,-0.12,-1.00,9.82
1787035569.34,-0.01,9.82,0.18,-0.38,-0.01,0.43,0.12,-0.16,0.05,-0.57,9.65
1787035569.44,-0.01,9.82,0.18,-0.38,-0.01,0.43,0.12,-0.16,0.05,-0.57,9.65
1787035569.54,-0.01,9.82,0.18,-0.38,-0.01,0.44,0.12,-0.17,0.05,-0.57,9.65
1787035569.64,-0.01,11.09,0.15,-0.37,-0.01,0.44,0.12,-0.17,-0.11,-0.84,9.82
1787035569.74,-0.01,11.09,0.15,-0.37,-0.01,0.44,0.13,-0.16,-0.11,-0.84,9.82
1787035569.84,-0.00,12.16,0.13,-0.35,-0.01,0.44,0.13,-0.16,-0.12,-0.89,9.78
1787035569.94,-0.00,12.16,0.13,-0.35,-0.01,0.45,0.13,-0.16,-0.12,-0.89,9.78
1787035570.04,-0.00,12.16,0.13,-0.35,-0.01,0.45,0.13,-0.15,-0.12,-0.89,9.78
1787035570.14,-0.01,13.89,0.12,-0.32,-0.01,0.45,0.14,-0.15,0.09,-1.27,9.81
1787035570.24,-0.01,13.89,0.12,-0.32,-0.01,0.45,0.14,-0.15,0.09,-1.27,9.81
1787035570.34,-0.00,15.25,0.11,-0.29,-0.00,0.45,0.15,-0.15,0.11,-0.99,9.78
1787035570.44,-0.00,15.25,0.11,-0.29,-0.00,0.45,0.15,-0.15,0.11,-0.99,9.78
1787035570.54,-0.00,15.25,0.11,-0.29,-0.00,0.45,0.15,-0.16,0.11,-0.99,9.78
1787035570.64,-0.01,16.69,0.11,-0.26,-0.00,0.45,0.15,-0.16,0.16,-1.19,9.74
1787035570.74,-0.01,16.69,0.11,-0.26,-0.00,0.45,0.15,-0.15,0.16,-1.19,9.74
1787035570.84,-0.00,18.47,0.11,-0.23,-0.00,0.45,0.15,-0.15,0.18,-1.06,9.78
1787035570.94,-0.00,18.47,0.11,-0.23,-0.00,0.45,0.15,-0.15,0.18,-1.06,9.78
1787035571.04,-0.00,18.47,0.11,-0.23,-0.00,0.45,0.15,-0.15,0.18,-1.06,9.78
1787035571.14,-0.01,20.24,0.11,-0.21,-0.00,0.45,0.16,-0.16,0.24,-1.01,9.74
1787035571.24,-0.01,20.24,0.11,-0.21,-0.00,0.45,0.16,-0.16,0.24,-1.01,9.74
1787035571.34,-0.01,21.98,0.11,-0.18,0.00,0.45,0.16,-0.16,0.08,-1.02,9.77
1787035571.44,-0.01,21.98,0.11,-0.18,0.00,0.45,0.16,-0.16,0.08,-1.02,9.77
1787035571.54,-0.01,21.98,0.11,-0.18,0.00,0.45,0.16,-0.16,0.08,-1.02,9.77
1787035571.64,-0.01,23.85,0.11,-0.17,0.00,0.45,0.16,-0.16,0.08,-1.09,9.75
1787035571.74,-0.01,23.85,0.11,-0.17,0.00,0.45,0.16,-0.16,0.08,-1.09,9.75
1787035571.84,-0.00,25.78,0.10,-0.16,0.00,0.45,0.16,-0.16,0.08,-1.08,9.74
1787035571.94,-0.00,25.78,0.10,-0.16,0.00,0.44,0.16,-0.16,0.08,-1.08,9.74
1787035572.04,-0.00,25.78,0.10,-0.16,0.00,0.44,0.16,-0.16,0.08,-1.08,9.74
1787035572.14,-0.01,27.57,0.09,-0.16,0.00,0.44,0.16,-0.16,0.09,-1.23,9.69
1787035572.24,-0.01,27.57,0.09,-0.16,0.00,0.44,0.16,-0.16,0.09,-1.23,9.69
1787035572.34,-0.00,29.57,0.08,-0.16,0.00,0.44,0.15,-0.15,0.25,-1.12,9.84
1787035572.44,-0.00,29.57,0.08,-0.16,0.00,0.44,0.15,-0.15,0.25,-1.12,9.84
1787035572.54,-0.00,29.57,0.08,-0.16,0.00,0.44,0.15,-0.15,0.25,-1.12,9.84
1787035572.64,-0.01,31.97,0.06,-0.17,0.00,0.44,0.15,-0.15,0.11,-1.22,9.69
1787035572.74,-0.01,31.97,0.06,-0.17,0.00,0.43,0.15,-0.14,0.11,-1.22,9.69
1787035572.84,-0.00,34.55,0.04,-0.18,0.00,0.43,0.15,-0.14,0.24,-1.34,9.67
1787035572.94,-0.00,34.55,0.04,-0.18,0.00,0.43,0.15,-0.14,0.24,-1.34,9.67
1787035573.04,-0.00,34.55,0.04,-0.18,0.00,0.43,0.15,-0.14,0.24,-1.34,9.67
1787035573.14,-0.01,37.47,0.02,-0.18,-0.00,0.42,0.14,-0.14,0.49,-1.43,9.64
